--------------------------------------------------------
--  File created - Monday-January-14-2019   
--------------------------------------------------------
--------------------------------------------------------
--  DDL for Sequence CARD_SEQ
--------------------------------------------------------

   CREATE SEQUENCE  "CARD_SEQ"  MINVALUE 1 MAXVALUE 9999999999999999999999999999 INCREMENT BY 1 START WITH 1 CACHE 20 NOORDER  NOCYCLE  NOKEEP  NOSCALE  GLOBAL ;
--------------------------------------------------------
--  DDL for Sequence CITY_SEQ
--------------------------------------------------------

   CREATE SEQUENCE  "CITY_SEQ"  MINVALUE 1 MAXVALUE 9999999999999999999999999999 INCREMENT BY 1 START WITH 1 CACHE 20 NOORDER  NOCYCLE  NOKEEP  NOSCALE  GLOBAL ;
--------------------------------------------------------
--  DDL for Sequence CUSTOMER_SEQ
--------------------------------------------------------

   CREATE SEQUENCE  "CUSTOMER_SEQ"  MINVALUE 1 MAXVALUE 9999999999999999999999999999 INCREMENT BY 1 START WITH 21 CACHE 20 NOORDER  NOCYCLE  NOKEEP  NOSCALE  GLOBAL ;
--------------------------------------------------------
--  DDL for Sequence FORMAT_SEQ
--------------------------------------------------------

   CREATE SEQUENCE  "FORMAT_SEQ"  MINVALUE 1 MAXVALUE 9999999999999999999999999999 INCREMENT BY 1 START WITH 21 CACHE 20 NOORDER  NOCYCLE  NOKEEP  NOSCALE  GLOBAL ;
--------------------------------------------------------
--  DDL for Sequence GENRES_SEQ
--------------------------------------------------------

   CREATE SEQUENCE  "GENRES_SEQ"  MINVALUE 1 MAXVALUE 9999999999999999999999999999 INCREMENT BY 1 START WITH 1 CACHE 20 NOORDER  NOCYCLE  NOKEEP  NOSCALE  GLOBAL ;
--------------------------------------------------------
--  DDL for Sequence MOVIES_SEQ
--------------------------------------------------------

   CREATE SEQUENCE  "MOVIES_SEQ"  MINVALUE 1 MAXVALUE 9999999999999999999999999999 INCREMENT BY 1 START WITH 7 CACHE 20 NOORDER  NOCYCLE  NOKEEP  NOSCALE  GLOBAL ;
--------------------------------------------------------
--  DDL for Sequence ORDERS_SEQ
--------------------------------------------------------

   CREATE SEQUENCE  "ORDERS_SEQ"  MINVALUE 1 MAXVALUE 9999999999999999999999999999 INCREMENT BY 1 START WITH 1 CACHE 20 NOORDER  NOCYCLE  NOKEEP  NOSCALE  GLOBAL ;
--------------------------------------------------------
--  DDL for Sequence PERSON_ROLES_SEQ
--------------------------------------------------------

   CREATE SEQUENCE  "PERSON_ROLES_SEQ"  MINVALUE 1 MAXVALUE 9999999999999999999999999999 INCREMENT BY 1 START WITH 1 CACHE 20 NOORDER  NOCYCLE  NOKEEP  NOSCALE  GLOBAL ;
--------------------------------------------------------
--  DDL for Sequence PERSON_SEQ
--------------------------------------------------------

   CREATE SEQUENCE  "PERSON_SEQ"  MINVALUE 1 MAXVALUE 9999999999999999999999999999 INCREMENT BY 1 START WITH 1 CACHE 20 NOORDER  NOCYCLE  NOKEEP  NOSCALE  GLOBAL ;
--------------------------------------------------------
--  DDL for Sequence STUDIOS_SEQ
--------------------------------------------------------

   CREATE SEQUENCE  "STUDIOS_SEQ"  MINVALUE 1 MAXVALUE 9999999999999999999999999999 INCREMENT BY 1 START WITH 1 CACHE 20 NOORDER  NOCYCLE  NOKEEP  NOSCALE  GLOBAL ;
--------------------------------------------------------
--  DDL for Sequence TAGS_SEQ
--------------------------------------------------------

   CREATE SEQUENCE  "TAGS_SEQ"  MINVALUE 1 MAXVALUE 9999999999999999999999999999 INCREMENT BY 1 START WITH 1 CACHE 20 NOORDER  NOCYCLE  NOKEEP  NOSCALE  GLOBAL ;
--------------------------------------------------------
--  DDL for Sequence TEACHING_SEQ
--------------------------------------------------------

   CREATE SEQUENCE  "TEACHING_SEQ"  MINVALUE 1 MAXVALUE 9999999999999999999999999999 INCREMENT BY 1 START WITH 41 CACHE 20 NOORDER  NOCYCLE  NOKEEP  NOSCALE  GLOBAL ;
--------------------------------------------------------
--  DDL for Table CITY
--------------------------------------------------------

  CREATE TABLE "CITY" 
   (	"IDCITY" NUMBER GENERATED ALWAYS AS IDENTITY MINVALUE 1 MAXVALUE 9999999999999999999999999999 INCREMENT BY 1 START WITH 1 CACHE 20 NOORDER  NOCYCLE  NOKEEP  NOSCALE , 
	"CITYNAME" VARCHAR2(20 BYTE), 
	"ZIPCODE" NUMBER(5,0), 
	"IDSTATE" NUMBER
   ) SEGMENT CREATION IMMEDIATE 
  PCTFREE 10 PCTUSED 40 INITRANS 1 MAXTRANS 255 
 NOCOMPRESS LOGGING
  STORAGE(INITIAL 65536 NEXT 1048576 MINEXTENTS 1 MAXEXTENTS 2147483645
  PCTINCREASE 0 FREELISTS 1 FREELIST GROUPS 1
  BUFFER_POOL DEFAULT FLASH_CACHE DEFAULT CELL_FLASH_CACHE DEFAULT)
  TABLESPACE "USERS" ;
--------------------------------------------------------
--  DDL for Table CUSTOMER
--------------------------------------------------------

  CREATE TABLE "CUSTOMER" 
   (	"CUSTOMERID" NUMBER GENERATED ALWAYS AS IDENTITY MINVALUE 1 MAXVALUE 9999999999999999999999999999 INCREMENT BY 1 START WITH 1 CACHE 20 NOORDER  NOCYCLE  NOKEEP  NOSCALE , 
	"USERNAME" VARCHAR2(16 BYTE), 
	"PASSWORD" VARCHAR2(32 BYTE), 
	"FRST_NAME" VARCHAR2(32 BYTE), 
	"LAST_NAME" VARCHAR2(32 BYTE), 
	"EMAIL" VARCHAR2(45 BYTE), 
	"STREET" VARCHAR2(45 BYTE), 
	"APT" VARCHAR2(20 BYTE), 
	"CITY" NUMBER, 
	"CREATE_DATE" DATE DEFAULT sysdate
   ) SEGMENT CREATION IMMEDIATE 
  PCTFREE 10 PCTUSED 40 INITRANS 1 MAXTRANS 255 
 NOCOMPRESS LOGGING
  STORAGE(INITIAL 65536 NEXT 1048576 MINEXTENTS 1 MAXEXTENTS 2147483645
  PCTINCREASE 0 FREELISTS 1 FREELIST GROUPS 1
  BUFFER_POOL DEFAULT FLASH_CACHE DEFAULT CELL_FLASH_CACHE DEFAULT)
  TABLESPACE "USERS" ;
--------------------------------------------------------
--  DDL for Table CUSTOMER_FAVORITE_MOVIES
--------------------------------------------------------

  CREATE TABLE "CUSTOMER_FAVORITE_MOVIES" 
   (	"CONSUMERFMID" NUMBER GENERATED ALWAYS AS IDENTITY MINVALUE 1 MAXVALUE 9999999999999999999999999999 INCREMENT BY 1 START WITH 1 CACHE 20 NOORDER  NOCYCLE  NOKEEP  NOSCALE , 
	"MOVIESID" NUMBER, 
	"CUSTOMERID" NUMBER
   ) SEGMENT CREATION IMMEDIATE 
  PCTFREE 10 PCTUSED 40 INITRANS 1 MAXTRANS 255 
 NOCOMPRESS LOGGING
  STORAGE(INITIAL 65536 NEXT 1048576 MINEXTENTS 1 MAXEXTENTS 2147483645
  PCTINCREASE 0 FREELISTS 1 FREELIST GROUPS 1
  BUFFER_POOL DEFAULT FLASH_CACHE DEFAULT CELL_FLASH_CACHE DEFAULT)
  TABLESPACE "USERS" ;
--------------------------------------------------------
--  DDL for Table CUSTOMER_HAS_ORDERS
--------------------------------------------------------

  CREATE TABLE "CUSTOMER_HAS_ORDERS" 
   (	"ORDERSID" NUMBER, 
	"MOVIESID" NUMBER, 
	"PRICE" NUMBER
   ) SEGMENT CREATION IMMEDIATE 
  PCTFREE 10 PCTUSED 40 INITRANS 1 MAXTRANS 255 
 NOCOMPRESS LOGGING
  STORAGE(INITIAL 65536 NEXT 1048576 MINEXTENTS 1 MAXEXTENTS 2147483645
  PCTINCREASE 0 FREELISTS 1 FREELIST GROUPS 1
  BUFFER_POOL DEFAULT FLASH_CACHE DEFAULT CELL_FLASH_CACHE DEFAULT)
  TABLESPACE "USERS" ;
--------------------------------------------------------
--  DDL for Table CUSTOMER_LOGIN
--------------------------------------------------------

  CREATE TABLE "CUSTOMER_LOGIN" 
   (	"CUSTOMERID" NUMBER, 
	"USERNAME" VARCHAR2(16 BYTE), 
	"PASSWORD" VARCHAR2(32 BYTE), 
	"LAST_NAME" VARCHAR2(32 BYTE), 
	"EMAIL" VARCHAR2(45 BYTE), 
	"FRST_NAME" VARCHAR2(32 BYTE)
   ) SEGMENT CREATION IMMEDIATE 
  PCTFREE 10 PCTUSED 40 INITRANS 1 MAXTRANS 255 
 NOCOMPRESS LOGGING
  STORAGE(INITIAL 65536 NEXT 1048576 MINEXTENTS 1 MAXEXTENTS 2147483645
  PCTINCREASE 0 FREELISTS 1 FREELIST GROUPS 1
  BUFFER_POOL DEFAULT FLASH_CACHE DEFAULT CELL_FLASH_CACHE DEFAULT)
  TABLESPACE "USERS" ;
--------------------------------------------------------
--  DDL for Table CUSTOMER_PREORDER_MOVIES
--------------------------------------------------------

  CREATE TABLE "CUSTOMER_PREORDER_MOVIES" 
   (	"CONSUMERFMID" NUMBER GENERATED ALWAYS AS IDENTITY MINVALUE 1 MAXVALUE 9999999999999999999999999999 INCREMENT BY 1 START WITH 1 CACHE 20 NOORDER  NOCYCLE  NOKEEP  NOSCALE , 
	"MOVIESID" NUMBER, 
	"CUSTOMERID" NUMBER
   ) SEGMENT CREATION IMMEDIATE 
  PCTFREE 10 PCTUSED 40 INITRANS 1 MAXTRANS 255 
 NOCOMPRESS LOGGING
  STORAGE(INITIAL 65536 NEXT 1048576 MINEXTENTS 1 MAXEXTENTS 2147483645
  PCTINCREASE 0 FREELISTS 1 FREELIST GROUPS 1
  BUFFER_POOL DEFAULT FLASH_CACHE DEFAULT CELL_FLASH_CACHE DEFAULT)
  TABLESPACE "USERS" ;
--------------------------------------------------------
--  DDL for Table FORMAT
--------------------------------------------------------

  CREATE TABLE "FORMAT" 
   (	"ID" NUMBER(10,0), 
	"FORMAT" VARCHAR2(45 BYTE)
   ) SEGMENT CREATION IMMEDIATE 
  PCTFREE 10 PCTUSED 40 INITRANS 1 MAXTRANS 255 
 NOCOMPRESS LOGGING
  STORAGE(INITIAL 65536 NEXT 1048576 MINEXTENTS 1 MAXEXTENTS 2147483645
  PCTINCREASE 0 FREELISTS 1 FREELIST GROUPS 1
  BUFFER_POOL DEFAULT FLASH_CACHE DEFAULT CELL_FLASH_CACHE DEFAULT)
  TABLESPACE "USERS" ;
--------------------------------------------------------
--  DDL for Table GENRES
--------------------------------------------------------

  CREATE TABLE "GENRES" 
   (	"GENRESID" NUMBER GENERATED ALWAYS AS IDENTITY MINVALUE 1 MAXVALUE 9999999999999999999999999999 INCREMENT BY 1 START WITH 1 CACHE 20 NOORDER  NOCYCLE  NOKEEP  NOSCALE , 
	"GENRES" VARCHAR2(20 BYTE)
   ) SEGMENT CREATION IMMEDIATE 
  PCTFREE 10 PCTUSED 40 INITRANS 1 MAXTRANS 255 
 NOCOMPRESS LOGGING
  STORAGE(INITIAL 65536 NEXT 1048576 MINEXTENTS 1 MAXEXTENTS 2147483645
  PCTINCREASE 0 FREELISTS 1 FREELIST GROUPS 1
  BUFFER_POOL DEFAULT FLASH_CACHE DEFAULT CELL_FLASH_CACHE DEFAULT)
  TABLESPACE "USERS" ;
--------------------------------------------------------
--  DDL for Table HOMEPAGE
--------------------------------------------------------

  CREATE TABLE "HOMEPAGE" 
   (	"HOMEPAGEID" NUMBER GENERATED ALWAYS AS IDENTITY MINVALUE 1 MAXVALUE 9999999999999999999999999999 INCREMENT BY 1 START WITH 1 CACHE 20 NOORDER  NOCYCLE  NOKEEP  NOSCALE , 
	"MOVIESID" NUMBER
   ) SEGMENT CREATION IMMEDIATE 
  PCTFREE 10 PCTUSED 40 INITRANS 1 MAXTRANS 255 
 NOCOMPRESS LOGGING
  STORAGE(INITIAL 65536 NEXT 1048576 MINEXTENTS 1 MAXEXTENTS 2147483645
  PCTINCREASE 0 FREELISTS 1 FREELIST GROUPS 1
  BUFFER_POOL DEFAULT FLASH_CACHE DEFAULT CELL_FLASH_CACHE DEFAULT)
  TABLESPACE "USERS" ;
--------------------------------------------------------
--  DDL for Table ITEM
--------------------------------------------------------

  CREATE TABLE "ITEM" 
   (	"ID" NUMBER(*,0), 
	"NAME" VARCHAR2(30 BYTE), 
	"QUANTITY_IN_STOCK" NUMBER(*,0), 
	"PRICE" NUMBER(30,2)
   ) SEGMENT CREATION IMMEDIATE 
  PCTFREE 10 PCTUSED 40 INITRANS 1 MAXTRANS 255 
 NOCOMPRESS LOGGING
  STORAGE(INITIAL 65536 NEXT 1048576 MINEXTENTS 1 MAXEXTENTS 2147483645
  PCTINCREASE 0 FREELISTS 1 FREELIST GROUPS 1
  BUFFER_POOL DEFAULT FLASH_CACHE DEFAULT CELL_FLASH_CACHE DEFAULT)
  TABLESPACE "SYSTEM" ;
--------------------------------------------------------
--  DDL for Table MEDIA
--------------------------------------------------------

  CREATE TABLE "MEDIA" 
   (	"MEDIAID" NUMBER GENERATED ALWAYS AS IDENTITY MINVALUE 1 MAXVALUE 9999999999999999999999999999 INCREMENT BY 1 START WITH 1 CACHE 20 NOORDER  NOCYCLE  NOKEEP  NOSCALE , 
	"MEDIATIPID" NUMBER, 
	"MOVIESID" NUMBER, 
	"MEDIAPATH" VARCHAR2(256 BYTE)
   ) SEGMENT CREATION IMMEDIATE 
  PCTFREE 10 PCTUSED 40 INITRANS 1 MAXTRANS 255 
 NOCOMPRESS LOGGING
  STORAGE(INITIAL 65536 NEXT 1048576 MINEXTENTS 1 MAXEXTENTS 2147483645
  PCTINCREASE 0 FREELISTS 1 FREELIST GROUPS 1
  BUFFER_POOL DEFAULT FLASH_CACHE DEFAULT CELL_FLASH_CACHE DEFAULT)
  TABLESPACE "USERS" ;
--------------------------------------------------------
--  DDL for Table MEDIATIP
--------------------------------------------------------

  CREATE TABLE "MEDIATIP" 
   (	"MEDIATIPID" NUMBER GENERATED ALWAYS AS IDENTITY MINVALUE 1 MAXVALUE 9999999999999999999999999999 INCREMENT BY 1 START WITH 1 CACHE 20 NOORDER  NOCYCLE  NOKEEP  NOSCALE , 
	"MEDITYPE" VARCHAR2(20 BYTE)
   ) SEGMENT CREATION IMMEDIATE 
  PCTFREE 10 PCTUSED 40 INITRANS 1 MAXTRANS 255 
 NOCOMPRESS LOGGING
  STORAGE(INITIAL 65536 NEXT 1048576 MINEXTENTS 1 MAXEXTENTS 2147483645
  PCTINCREASE 0 FREELISTS 1 FREELIST GROUPS 1
  BUFFER_POOL DEFAULT FLASH_CACHE DEFAULT CELL_FLASH_CACHE DEFAULT)
  TABLESPACE "USERS" ;
--------------------------------------------------------
--  DDL for Table MOVIES
--------------------------------------------------------

  CREATE TABLE "MOVIES" 
   (	"MOVIESID" NUMBER GENERATED ALWAYS AS IDENTITY MINVALUE 1 MAXVALUE 9999999999999999999999999999 INCREMENT BY 1 START WITH 1 CACHE 20 NOORDER  NOCYCLE  NOKEEP  NOSCALE , 
	"TITLE" VARCHAR2(256 BYTE), 
	"DESCRIPTION" CLOB, 
	"RUNTIME" NUMBER(10,0), 
	"RELEASE_DATE" DATE, 
	"SCORE" NUMBER(3,1), 
	"FORMAT_ID" NUMBER(10,0), 
	"PRICE" NUMBER(15,2)
   ) SEGMENT CREATION IMMEDIATE 
  PCTFREE 10 PCTUSED 40 INITRANS 1 MAXTRANS 255 
 NOCOMPRESS LOGGING
  STORAGE(INITIAL 65536 NEXT 1048576 MINEXTENTS 1 MAXEXTENTS 2147483645
  PCTINCREASE 0 FREELISTS 1 FREELIST GROUPS 1
  BUFFER_POOL DEFAULT FLASH_CACHE DEFAULT CELL_FLASH_CACHE DEFAULT)
  TABLESPACE "USERS" 
 LOB ("DESCRIPTION") STORE AS SECUREFILE (
  TABLESPACE "USERS" ENABLE STORAGE IN ROW CHUNK 8192
  NOCACHE LOGGING  NOCOMPRESS  KEEP_DUPLICATES 
  STORAGE(INITIAL 106496 NEXT 1048576 MINEXTENTS 1 MAXEXTENTS 2147483645
  PCTINCREASE 0
  BUFFER_POOL DEFAULT FLASH_CACHE DEFAULT CELL_FLASH_CACHE DEFAULT)) ;
--------------------------------------------------------
--  DDL for Table MOVIES_HAS_GENRES
--------------------------------------------------------

  CREATE TABLE "MOVIES_HAS_GENRES" 
   (	"GENRESID" NUMBER, 
	"MPVIESID" NUMBER
   ) SEGMENT CREATION IMMEDIATE 
  PCTFREE 10 PCTUSED 40 INITRANS 1 MAXTRANS 255 
 NOCOMPRESS LOGGING
  STORAGE(INITIAL 65536 NEXT 1048576 MINEXTENTS 1 MAXEXTENTS 2147483645
  PCTINCREASE 0 FREELISTS 1 FREELIST GROUPS 1
  BUFFER_POOL DEFAULT FLASH_CACHE DEFAULT CELL_FLASH_CACHE DEFAULT)
  TABLESPACE "USERS" ;
--------------------------------------------------------
--  DDL for Table MOVIES_HAS_ORDERS
--------------------------------------------------------

  CREATE TABLE "MOVIES_HAS_ORDERS" 
   (	"MOVIES_ID" NUMBER(10,0), 
	"ORDERS_ID" NUMBER(10,0), 
	"QUANTITY_ORDER" NUMBER(10,0), 
	"PRICE_EACH" BINARY_DOUBLE
   ) SEGMENT CREATION DEFERRED 
  PCTFREE 10 PCTUSED 40 INITRANS 1 MAXTRANS 255 
 NOCOMPRESS LOGGING
  TABLESPACE "USERS" ;
--------------------------------------------------------
--  DDL for Table MOVIES_HAS_STUDIOS
--------------------------------------------------------

  CREATE TABLE "MOVIES_HAS_STUDIOS" 
   (	"MOVIES_ID" NUMBER(10,0), 
	"STUDIOS_ID" NUMBER(10,0)
   ) SEGMENT CREATION DEFERRED 
  PCTFREE 10 PCTUSED 40 INITRANS 1 MAXTRANS 255 
 NOCOMPRESS LOGGING
  TABLESPACE "USERS" ;
--------------------------------------------------------
--  DDL for Table MOVIES_HAS_TAGS
--------------------------------------------------------

  CREATE TABLE "MOVIES_HAS_TAGS" 
   (	"MOVIES_ID" NUMBER(10,0), 
	"TAGS_ID" NUMBER(10,0)
   ) SEGMENT CREATION DEFERRED 
  PCTFREE 10 PCTUSED 40 INITRANS 1 MAXTRANS 255 
 NOCOMPRESS LOGGING
  TABLESPACE "USERS" ;
--------------------------------------------------------
--  DDL for Table ORDERS
--------------------------------------------------------

  CREATE TABLE "ORDERS" 
   (	"ORDERSID" NUMBER(*,0) GENERATED ALWAYS AS IDENTITY MINVALUE 1 MAXVALUE 9999999999999999999999999999 INCREMENT BY 1 START WITH 1 CACHE 20 NOORDER  NOCYCLE  NOKEEP  NOSCALE , 
	"CUSTOMERID" NUMBER, 
	"ORDERDATE" DATE DEFAULT sysdate
   ) SEGMENT CREATION IMMEDIATE 
  PCTFREE 10 PCTUSED 40 INITRANS 1 MAXTRANS 255 
 NOCOMPRESS LOGGING
  STORAGE(INITIAL 65536 NEXT 1048576 MINEXTENTS 1 MAXEXTENTS 2147483645
  PCTINCREASE 0 FREELISTS 1 FREELIST GROUPS 1
  BUFFER_POOL DEFAULT FLASH_CACHE DEFAULT CELL_FLASH_CACHE DEFAULT)
  TABLESPACE "USERS" ;
--------------------------------------------------------
--  DDL for Table PERSON
--------------------------------------------------------

  CREATE TABLE "PERSON" 
   (	"PERSONID" NUMBER GENERATED ALWAYS AS IDENTITY MINVALUE 1 MAXVALUE 9999999999999999999999999999 INCREMENT BY 1 START WITH 1 CACHE 20 NOORDER  NOCYCLE  NOKEEP  NOSCALE , 
	"PERSON_FNAME" VARCHAR2(256 BYTE), 
	"PERSON_LNAME" VARCHAR2(256 BYTE), 
	"PERSON_MNAME" VARCHAR2(256 BYTE), 
	"BIOGRAPHY" CLOB
   ) SEGMENT CREATION IMMEDIATE 
  PCTFREE 10 PCTUSED 40 INITRANS 1 MAXTRANS 255 
 NOCOMPRESS LOGGING
  STORAGE(INITIAL 65536 NEXT 1048576 MINEXTENTS 1 MAXEXTENTS 2147483645
  PCTINCREASE 0 FREELISTS 1 FREELIST GROUPS 1
  BUFFER_POOL DEFAULT FLASH_CACHE DEFAULT CELL_FLASH_CACHE DEFAULT)
  TABLESPACE "USERS" 
 LOB ("BIOGRAPHY") STORE AS SECUREFILE (
  TABLESPACE "USERS" ENABLE STORAGE IN ROW CHUNK 8192
  NOCACHE LOGGING  NOCOMPRESS  KEEP_DUPLICATES 
  STORAGE(INITIAL 106496 NEXT 1048576 MINEXTENTS 1 MAXEXTENTS 2147483645
  PCTINCREASE 0
  BUFFER_POOL DEFAULT FLASH_CACHE DEFAULT CELL_FLASH_CACHE DEFAULT)) ;
--------------------------------------------------------
--  DDL for Table PERSON_ROLES_IN_MOVIES
--------------------------------------------------------

  CREATE TABLE "PERSON_ROLES_IN_MOVIES" 
   (	"PRESONROLESID" NUMBER GENERATED ALWAYS AS IDENTITY MINVALUE 1 MAXVALUE 9999999999999999999999999999 INCREMENT BY 1 START WITH 1 CACHE 20 NOORDER  NOCYCLE  NOKEEP  NOSCALE , 
	"PERSONID" NUMBER, 
	"MOVIEID" NUMBER, 
	"ROULESID" NUMBER, 
	"ORDERINMOVIES" NUMBER
   ) SEGMENT CREATION IMMEDIATE 
  PCTFREE 10 PCTUSED 40 INITRANS 1 MAXTRANS 255 
 NOCOMPRESS LOGGING
  STORAGE(INITIAL 65536 NEXT 1048576 MINEXTENTS 1 MAXEXTENTS 2147483645
  PCTINCREASE 0 FREELISTS 1 FREELIST GROUPS 1
  BUFFER_POOL DEFAULT FLASH_CACHE DEFAULT CELL_FLASH_CACHE DEFAULT)
  TABLESPACE "USERS" ;
--------------------------------------------------------
--  DDL for Table ROULES
--------------------------------------------------------

  CREATE TABLE "ROULES" 
   (	"ROULESID" NUMBER GENERATED ALWAYS AS IDENTITY MINVALUE 1 MAXVALUE 9999999999999999999999999999 INCREMENT BY 1 START WITH 1 CACHE 20 NOORDER  NOCYCLE  NOKEEP  NOSCALE , 
	"ROULES" VARCHAR2(32 BYTE)
   ) SEGMENT CREATION IMMEDIATE 
  PCTFREE 10 PCTUSED 40 INITRANS 1 MAXTRANS 255 
 NOCOMPRESS LOGGING
  STORAGE(INITIAL 65536 NEXT 1048576 MINEXTENTS 1 MAXEXTENTS 2147483645
  PCTINCREASE 0 FREELISTS 1 FREELIST GROUPS 1
  BUFFER_POOL DEFAULT FLASH_CACHE DEFAULT CELL_FLASH_CACHE DEFAULT)
  TABLESPACE "USERS" ;
--------------------------------------------------------
--  DDL for Table STATE
--------------------------------------------------------

  CREATE TABLE "STATE" 
   (	"IDSTATE" NUMBER GENERATED ALWAYS AS IDENTITY MINVALUE 1 MAXVALUE 9999999999999999999999999999 INCREMENT BY 1 START WITH 1 CACHE 20 NOORDER  NOCYCLE  NOKEEP  NOSCALE , 
	"STATENAME" VARCHAR2(20 BYTE), 
	"ABBREVIATION" VARCHAR2(20 BYTE)
   ) SEGMENT CREATION IMMEDIATE 
  PCTFREE 10 PCTUSED 40 INITRANS 1 MAXTRANS 255 
 NOCOMPRESS LOGGING
  STORAGE(INITIAL 65536 NEXT 1048576 MINEXTENTS 1 MAXEXTENTS 2147483645
  PCTINCREASE 0 FREELISTS 1 FREELIST GROUPS 1
  BUFFER_POOL DEFAULT FLASH_CACHE DEFAULT CELL_FLASH_CACHE DEFAULT)
  TABLESPACE "USERS" ;
--------------------------------------------------------
--  DDL for Table STUDIOS
--------------------------------------------------------

  CREATE TABLE "STUDIOS" 
   (	"ID" NUMBER(10,0), 
	"NAME" VARCHAR2(100 BYTE)
   ) SEGMENT CREATION DEFERRED 
  PCTFREE 10 PCTUSED 40 INITRANS 1 MAXTRANS 255 
 NOCOMPRESS LOGGING
  TABLESPACE "USERS" ;
--------------------------------------------------------
--  DDL for Table TAGS
--------------------------------------------------------

  CREATE TABLE "TAGS" 
   (	"ID" NUMBER(10,0), 
	"TAG" VARCHAR2(45 BYTE)
   ) SEGMENT CREATION DEFERRED 
  PCTFREE 10 PCTUSED 40 INITRANS 1 MAXTRANS 255 
 NOCOMPRESS LOGGING
  TABLESPACE "USERS" ;
--------------------------------------------------------
--  DDL for Table USER_HAS_CITY
--------------------------------------------------------

  CREATE TABLE "USER_HAS_CITY" 
   (	"USER_ID" NUMBER(10,0), 
	"CITY_ID" NUMBER(10,0)
   ) SEGMENT CREATION DEFERRED 
  PCTFREE 10 PCTUSED 40 INITRANS 1 MAXTRANS 255 
 NOCOMPRESS LOGGING
  TABLESPACE "USERS" ;
--------------------------------------------------------
--  DDL for View VIEW1
--------------------------------------------------------

  CREATE OR REPLACE FORCE EDITIONABLE VIEW "VIEW1" ("HOMEPAGEID", "MOVIESID", "MEDIAPATH", "MEDIATIPID", "MEDIAID") AS 
  SELECT homepage.homepageid, homepage.moviesid , media.mediapath, media.mediatipid, media.mediaid  FROM homepage, media WHERE homepage.moviesid = media.moviesid
;
--------------------------------------------------------
--  DDL for View VIEW_CUSTOMER
--------------------------------------------------------

  CREATE OR REPLACE FORCE EDITIONABLE VIEW "VIEW_CUSTOMER" ("CUSTOMERID", "USERNAME", "PASSWORD", "FRST_NAME", "LAST_NAME", "EMAIL", "STREET", "APT", "CITY", "CREATE_DATE") AS 
  SELECT "CUSTOMERID","USERNAME","PASSWORD","FRST_NAME","LAST_NAME","EMAIL","STREET","APT","CITY","CREATE_DATE" FROM customer
;
--------------------------------------------------------
--  DDL for View VIEW_CUSTOMER_FAVORITE_MOVIES
--------------------------------------------------------

  CREATE OR REPLACE FORCE EDITIONABLE VIEW "VIEW_CUSTOMER_FAVORITE_MOVIES" ("CONSUMERFMID", "MOVIESID", "TITLE", "SCORE", "RUNTIME", "PRICE", "CUSTOMERID") AS 
  select customer_favorite_movies.CONSUMERFMID, movies.moviesid, movies.title, movies.score,movies.runtime, 
movies.price, customer_favorite_movies.customerid
from customer_favorite_movies, movies, customer 
WHERE customer_favorite_movies.moviesid = movies.moviesid 
and customer_favorite_movies.customerid = customer.customerid;

   COMMENT ON TABLE "VIEW_CUSTOMER_FAVORITE_MOVIES"  IS 'this view is from tabels customer_favorite_movies, movies, customer '
;
--------------------------------------------------------
--  DDL for View VIEW_CUSTOMER_PREORDER_MOVIES
--------------------------------------------------------

  CREATE OR REPLACE FORCE EDITIONABLE VIEW "VIEW_CUSTOMER_PREORDER_MOVIES" ("CONSUMERFMID", "MOVIESID", "TITLE", "SCORE", "RUNTIME", "PRICE", "CUSTOMERID") AS 
  select customer_preorder_movies.consumerfmid, movies.moviesid, movies.title, movies.score,movies.runtime, 
movies.price, customer_preorder_movies.customerid
from customer_preorder_movies, movies, customer 
WHERE customer_preorder_movies.moviesid = movies.moviesid 
and customer_preorder_movies.customerid = customer.customerid
;
--------------------------------------------------------
--  DDL for View VIEW_HOMEPAGE
--------------------------------------------------------

  CREATE OR REPLACE FORCE EDITIONABLE VIEW "VIEW_HOMEPAGE" ("MOVIESID", "TITLE", "DESCRIPTION", "RUNTIME", "RELEASE_DATE", "SCORE", "PRICE") AS 
  SELECT (SELECT movies.moviesid FROM movies WHERE homepage.moviesid= movies.moviesid) as moviesid,
(SELECT movies.title FROM movies WHERE homepage.moviesid= movies.moviesid) as title,
(SELECT movies.description FROM movies WHERE homepage.moviesid= movies.moviesid) as description,  
(SELECT movies.runtime FROM movies WHERE homepage.moviesid= movies.moviesid) as runtime,  
(SELECT movies.release_date FROM movies WHERE homepage.moviesid= movies.moviesid) as release_date,  
(SELECT movies.score FROM movies WHERE homepage.moviesid= movies.moviesid) as score,  
(SELECT movies.price FROM movies WHERE homepage.moviesid= movies.moviesid) as price  
 FROM homepage
;
--------------------------------------------------------
--  DDL for View VIEW_MEDIA
--------------------------------------------------------

  CREATE OR REPLACE FORCE EDITIONABLE VIEW "VIEW_MEDIA" ("MEDIATIPID", "MOVIESID", "MEDIAPATH", "MEDITYPE") AS 
  SELECT media.mediatipid, media.moviesid, media.mediapath, mediatip.meditype FROM media, mediatip WHERE mediatip.mediatipid = media.mediatipid
;
--------------------------------------------------------
--  DDL for View VIEW_MOVIES_HAS_GENRES
--------------------------------------------------------

  CREATE OR REPLACE FORCE EDITIONABLE VIEW "VIEW_MOVIES_HAS_GENRES" ("GENRESID", "GENRES", "MPVIESID", "TITLE") AS 
  SELECT movies_has_genres.genresid, genres.genres, movies_has_genres.mpviesid, movies.title  
from movies_has_genres, genres, movies 
WHERE movies_has_genres.genresid=genres.genresid and movies_has_genres.mpviesid=movies.moviesid
;
--------------------------------------------------------
--  DDL for View VIEW_PERSON_ROLES_IN_MOVIES
--------------------------------------------------------

  CREATE OR REPLACE FORCE EDITIONABLE VIEW "VIEW_PERSON_ROLES_IN_MOVIES" ("PERSON_FNAME", "PERSON_LNAME", "ORDERINMOVIES", "ROULESID", "MOVIEID") AS 
  SELECT person.person_fname, person.person_lname, person_roles_in_movies.orderinmovies, person_roles_in_movies.roulesid, person_roles_in_movies.movieid from person_roles_in_movies, person, roules WHERE person_roles_in_movies.personid = person.personid and person_roles_in_movies.roulesid = roules.roulesid
;
REM INSERTING into CITY
SET DEFINE OFF;
Insert into CITY (IDCITY,CITYNAME,ZIPCODE,IDSTATE) values (1,'Astoria',11103,32);
REM INSERTING into CUSTOMER
SET DEFINE OFF;
Insert into CUSTOMER (CUSTOMERID,USERNAME,PASSWORD,FRST_NAME,LAST_NAME,EMAIL,STREET,APT,CITY,CREATE_DATE) values (84,null,'sombor65','Sasa','Budai','sbudai@hotmail.com',null,null,null,to_date('08-JAN-19','DD-MON-RR'));
Insert into CUSTOMER (CUSTOMERID,USERNAME,PASSWORD,FRST_NAME,LAST_NAME,EMAIL,STREET,APT,CITY,CREATE_DATE) values (1,null,'111','jo','Jo','b@gmail.com',null,null,null,to_date('04-JAN-19','DD-MON-RR'));
REM INSERTING into CUSTOMER_FAVORITE_MOVIES
SET DEFINE OFF;
Insert into CUSTOMER_FAVORITE_MOVIES (CONSUMERFMID,MOVIESID,CUSTOMERID) values (102,1,1);
REM INSERTING into CUSTOMER_HAS_ORDERS
SET DEFINE OFF;
Insert into CUSTOMER_HAS_ORDERS (ORDERSID,MOVIESID,PRICE) values (54,21,14.99);
Insert into CUSTOMER_HAS_ORDERS (ORDERSID,MOVIESID,PRICE) values (55,21,14.99);
Insert into CUSTOMER_HAS_ORDERS (ORDERSID,MOVIESID,PRICE) values (56,21,14.99);
Insert into CUSTOMER_HAS_ORDERS (ORDERSID,MOVIESID,PRICE) values (59,1,4.58);
Insert into CUSTOMER_HAS_ORDERS (ORDERSID,MOVIESID,PRICE) values (53,21,14.99);
Insert into CUSTOMER_HAS_ORDERS (ORDERSID,MOVIESID,PRICE) values (58,21,14.99);
Insert into CUSTOMER_HAS_ORDERS (ORDERSID,MOVIESID,PRICE) values (57,21,14.99);
Insert into CUSTOMER_HAS_ORDERS (ORDERSID,MOVIESID,PRICE) values (52,1,4.58);
Insert into CUSTOMER_HAS_ORDERS (ORDERSID,MOVIESID,PRICE) values (52,21,14.99);
REM INSERTING into CUSTOMER_LOGIN
SET DEFINE OFF;
Insert into CUSTOMER_LOGIN (CUSTOMERID,USERNAME,PASSWORD,LAST_NAME,EMAIL,FRST_NAME) values (1,null,'111','Jo','b@gmail.com','jo');
Insert into CUSTOMER_LOGIN (CUSTOMERID,USERNAME,PASSWORD,LAST_NAME,EMAIL,FRST_NAME) values (84,null,'sombor65','Budai','sbudai@hotmail.com','Sasa');
REM INSERTING into CUSTOMER_PREORDER_MOVIES
SET DEFINE OFF;
REM INSERTING into FORMAT
SET DEFINE OFF;
Insert into FORMAT (ID,FORMAT) values (1,'DVD');
Insert into FORMAT (ID,FORMAT) values (2,'BDV');
Insert into FORMAT (ID,FORMAT) values (3,'mp4');
REM INSERTING into GENRES
SET DEFINE OFF;
Insert into GENRES (GENRESID,GENRES) values (1,'Action');
Insert into GENRES (GENRESID,GENRES) values (2,'Adventure');
Insert into GENRES (GENRESID,GENRES) values (3,'Thriller');
Insert into GENRES (GENRESID,GENRES) values (21,'Drama');
Insert into GENRES (GENRESID,GENRES) values (22,'Mystery');
Insert into GENRES (GENRESID,GENRES) values (23,'Thriller');
Insert into GENRES (GENRESID,GENRES) values (24,'Sci-Fi');
Insert into GENRES (GENRESID,GENRES) values (41,'Romance');
Insert into GENRES (GENRESID,GENRES) values (42,'Comedy');
Insert into GENRES (GENRESID,GENRES) values (43,'Crime');
REM INSERTING into HOMEPAGE
SET DEFINE OFF;
Insert into HOMEPAGE (HOMEPAGEID,MOVIESID) values (1,1);
Insert into HOMEPAGE (HOMEPAGEID,MOVIESID) values (2,21);
Insert into HOMEPAGE (HOMEPAGEID,MOVIESID) values (3,22);
Insert into HOMEPAGE (HOMEPAGEID,MOVIESID) values (4,2);
Insert into HOMEPAGE (HOMEPAGEID,MOVIESID) values (5,41);
REM INSERTING into ITEM
SET DEFINE OFF;
Insert into ITEM (ID,NAME,QUANTITY_IN_STOCK,PRICE) values (1,'hamburger',10,2.59);
Insert into ITEM (ID,NAME,QUANTITY_IN_STOCK,PRICE) values (2,'cola',50,1.99);
Insert into ITEM (ID,NAME,QUANTITY_IN_STOCK,PRICE) values (3,'fried calamari',10,20.99);
Insert into ITEM (ID,NAME,QUANTITY_IN_STOCK,PRICE) values (4,'Chocolate',0,10.25);
Insert into ITEM (ID,NAME,QUANTITY_IN_STOCK,PRICE) values (5,'Bread',50,1.19);
Insert into ITEM (ID,NAME,QUANTITY_IN_STOCK,PRICE) values (6,'potato',300,0.99);
REM INSERTING into MEDIA
SET DEFINE OFF;
Insert into MEDIA (MEDIAID,MEDIATIPID,MOVIESID,MEDIAPATH) values (1,3,1,'images/movies/missionImpossibleFallout01.jpg');
Insert into MEDIA (MEDIAID,MEDIATIPID,MOVIESID,MEDIAPATH) values (41,3,21,'images/movies/BumblebeBeeTeaserA.jpg');
Insert into MEDIA (MEDIAID,MEDIATIPID,MOVIESID,MEDIAPATH) values (42,3,22,'images/movies/lifeitself.jpg');
Insert into MEDIA (MEDIAID,MEDIATIPID,MOVIESID,MEDIAPATH) values (44,3,1,'images/movies/Mission-Impossible-FAllout.jpg');
Insert into MEDIA (MEDIAID,MEDIATIPID,MOVIESID,MEDIAPATH) values (24,2,2,'images/movies/220px-Searching.png');
Insert into MEDIA (MEDIAID,MEDIATIPID,MOVIESID,MEDIAPATH) values (43,3,1,'images/movies/MI_–_Fallout.jpg');
REM INSERTING into MEDIATIP
SET DEFINE OFF;
Insert into MEDIATIP (MEDIATIPID,MEDITYPE) values (1,'mp4');
Insert into MEDIATIP (MEDIATIPID,MEDITYPE) values (2,'png');
Insert into MEDIATIP (MEDIATIPID,MEDITYPE) values (3,'jpg');
Insert into MEDIATIP (MEDIATIPID,MEDITYPE) values (4,'gif');
REM INSERTING into MOVIES
SET DEFINE OFF;
Insert into MOVIES (MOVIESID,TITLE,RUNTIME,RELEASE_DATE,SCORE,FORMAT_ID,PRICE) values (21,'Bumblebee',114,to_date('21-DEC-18','DD-MON-RR'),7.3,null,14.99);
Insert into MOVIES (MOVIESID,TITLE,RUNTIME,RELEASE_DATE,SCORE,FORMAT_ID,PRICE) values (22,'Life Itself',117,to_date('21-SEP-18','DD-MON-RR'),6.3,null,6.33);
Insert into MOVIES (MOVIESID,TITLE,RUNTIME,RELEASE_DATE,SCORE,FORMAT_ID,PRICE) values (41,'Game Night',100,to_date('23-FEB-18','DD-MON-RR'),7,null,9.99);
Insert into MOVIES (MOVIESID,TITLE,RUNTIME,RELEASE_DATE,SCORE,FORMAT_ID,PRICE) values (1,'Mission: Impossible - Fallout',147,to_date('27-JUL-18','DD-MON-RR'),7.8,null,4.58);
Insert into MOVIES (MOVIESID,TITLE,RUNTIME,RELEASE_DATE,SCORE,FORMAT_ID,PRICE) values (2,'Searching',102,to_date('31-AUG-18','DD-MON-RR'),7.7,null,4.99);
REM INSERTING into MOVIES_HAS_GENRES
SET DEFINE OFF;
Insert into MOVIES_HAS_GENRES (GENRESID,MPVIESID) values (1,1);
Insert into MOVIES_HAS_GENRES (GENRESID,MPVIESID) values (2,1);
Insert into MOVIES_HAS_GENRES (GENRESID,MPVIESID) values (3,1);
Insert into MOVIES_HAS_GENRES (GENRESID,MPVIESID) values (21,2);
Insert into MOVIES_HAS_GENRES (GENRESID,MPVIESID) values (22,2);
Insert into MOVIES_HAS_GENRES (GENRESID,MPVIESID) values (23,2);
Insert into MOVIES_HAS_GENRES (GENRESID,MPVIESID) values (1,21);
Insert into MOVIES_HAS_GENRES (GENRESID,MPVIESID) values (2,21);
Insert into MOVIES_HAS_GENRES (GENRESID,MPVIESID) values (24,21);
Insert into MOVIES_HAS_GENRES (GENRESID,MPVIESID) values (21,22);
Insert into MOVIES_HAS_GENRES (GENRESID,MPVIESID) values (41,22);
Insert into MOVIES_HAS_GENRES (GENRESID,MPVIESID) values (1,41);
Insert into MOVIES_HAS_GENRES (GENRESID,MPVIESID) values (42,41);
Insert into MOVIES_HAS_GENRES (GENRESID,MPVIESID) values (43,41);
REM INSERTING into MOVIES_HAS_ORDERS
SET DEFINE OFF;
REM INSERTING into MOVIES_HAS_STUDIOS
SET DEFINE OFF;
REM INSERTING into MOVIES_HAS_TAGS
SET DEFINE OFF;
REM INSERTING into ORDERS
SET DEFINE OFF;
Insert into ORDERS (ORDERSID,CUSTOMERID,ORDERDATE) values (52,1,to_date('14-JAN-19','DD-MON-RR'));
Insert into ORDERS (ORDERSID,CUSTOMERID,ORDERDATE) values (55,1,to_date('14-JAN-19','DD-MON-RR'));
Insert into ORDERS (ORDERSID,CUSTOMERID,ORDERDATE) values (56,1,to_date('14-JAN-19','DD-MON-RR'));
Insert into ORDERS (ORDERSID,CUSTOMERID,ORDERDATE) values (59,1,to_date('14-JAN-19','DD-MON-RR'));
Insert into ORDERS (ORDERSID,CUSTOMERID,ORDERDATE) values (53,1,to_date('14-JAN-19','DD-MON-RR'));
Insert into ORDERS (ORDERSID,CUSTOMERID,ORDERDATE) values (58,1,to_date('14-JAN-19','DD-MON-RR'));
Insert into ORDERS (ORDERSID,CUSTOMERID,ORDERDATE) values (54,1,to_date('14-JAN-19','DD-MON-RR'));
Insert into ORDERS (ORDERSID,CUSTOMERID,ORDERDATE) values (57,1,to_date('14-JAN-19','DD-MON-RR'));
REM INSERTING into PERSON
SET DEFINE OFF;
Insert into PERSON (PERSONID,PERSON_FNAME,PERSON_LNAME,PERSON_MNAME) values (41,'Travis','Knight',null);
Insert into PERSON (PERSONID,PERSON_FNAME,PERSON_LNAME,PERSON_MNAME) values (42,'Christina','Hodson',null);
Insert into PERSON (PERSONID,PERSON_FNAME,PERSON_LNAME,PERSON_MNAME) values (43,'Hailee','Steinfeld',null);
Insert into PERSON (PERSONID,PERSON_FNAME,PERSON_LNAME,PERSON_MNAME) values (44,'Jorge','Lendeborg Jr.',null);
Insert into PERSON (PERSONID,PERSON_FNAME,PERSON_LNAME,PERSON_MNAME) values (45,'John','Cena',null);
Insert into PERSON (PERSONID,PERSON_FNAME,PERSON_LNAME,PERSON_MNAME) values (46,'Jason','Drucker',null);
Insert into PERSON (PERSONID,PERSON_FNAME,PERSON_LNAME,PERSON_MNAME) values (47,'Pamela','Adlon',null);
Insert into PERSON (PERSONID,PERSON_FNAME,PERSON_LNAME,PERSON_MNAME) values (48,'Stephen','Schneider',null);
Insert into PERSON (PERSONID,PERSON_FNAME,PERSON_LNAME,PERSON_MNAME) values (49,'Ricardo','Hoyos ',null);
Insert into PERSON (PERSONID,PERSON_FNAME,PERSON_LNAME,PERSON_MNAME) values (50,'John','Ortiz ',null);
Insert into PERSON (PERSONID,PERSON_FNAME,PERSON_LNAME,PERSON_MNAME) values (51,'Glynn','Turman ',null);
Insert into PERSON (PERSONID,PERSON_FNAME,PERSON_LNAME,PERSON_MNAME) values (52,'Len','Cariou ',null);
Insert into PERSON (PERSONID,PERSON_FNAME,PERSON_LNAME,PERSON_MNAME) values (53,'Kollin','Holtz ',null);
Insert into PERSON (PERSONID,PERSON_FNAME,PERSON_LNAME,PERSON_MNAME) values (54,'Gracie','Dzienny',null);
Insert into PERSON (PERSONID,PERSON_FNAME,PERSON_LNAME,PERSON_MNAME) values (55,'Fred','Dryer',null);
Insert into PERSON (PERSONID,PERSON_FNAME,PERSON_LNAME,PERSON_MNAME) values (56,'Isabelle','Ellingson',null);
Insert into PERSON (PERSONID,PERSON_FNAME,PERSON_LNAME,PERSON_MNAME) values (57,'Mika','Kubo',null);
Insert into PERSON (PERSONID,PERSON_FNAME,PERSON_LNAME,PERSON_MNAME) values (58,'Felicia','Stiles',null);
Insert into PERSON (PERSONID,PERSON_FNAME,PERSON_LNAME,PERSON_MNAME) values (59,'Dan','Fogelman',null);
Insert into PERSON (PERSONID,PERSON_FNAME,PERSON_LNAME,PERSON_MNAME) values (60,'Oscar','Isaac',null);
Insert into PERSON (PERSONID,PERSON_FNAME,PERSON_LNAME,PERSON_MNAME) values (61,'Olivia','Wilde',null);
Insert into PERSON (PERSONID,PERSON_FNAME,PERSON_LNAME,PERSON_MNAME) values (62,'Annette','Bening',null);
Insert into PERSON (PERSONID,PERSON_FNAME,PERSON_LNAME,PERSON_MNAME) values (63,'Mandy','Patinkin',null);
Insert into PERSON (PERSONID,PERSON_FNAME,PERSON_LNAME,PERSON_MNAME) values (64,'Jean','Smart',null);
Insert into PERSON (PERSONID,PERSON_FNAME,PERSON_LNAME,PERSON_MNAME) values (65,'Olivia','Cooke',null);
Insert into PERSON (PERSONID,PERSON_FNAME,PERSON_LNAME,PERSON_MNAME) values (66,'Sergio','Peris-Mencheta',null);
Insert into PERSON (PERSONID,PERSON_FNAME,PERSON_LNAME,PERSON_MNAME) values (67,'Antonio','Banderas',null);
Insert into PERSON (PERSONID,PERSON_FNAME,PERSON_LNAME,PERSON_MNAME) values (68,'Laia','Costa',null);
Insert into PERSON (PERSONID,PERSON_FNAME,PERSON_LNAME,PERSON_MNAME) values (69,'Àlex','Monner',null);
Insert into PERSON (PERSONID,PERSON_FNAME,PERSON_LNAME,PERSON_MNAME) values (70,'Isabel','Durant',null);
Insert into PERSON (PERSONID,PERSON_FNAME,PERSON_LNAME,PERSON_MNAME) values (81,'John','Francis Daley',null);
Insert into PERSON (PERSONID,PERSON_FNAME,PERSON_LNAME,PERSON_MNAME) values (82,'Jonathan','Goldstein',null);
Insert into PERSON (PERSONID,PERSON_FNAME,PERSON_LNAME,PERSON_MNAME) values (83,'Mark','Perez',null);
Insert into PERSON (PERSONID,PERSON_FNAME,PERSON_LNAME,PERSON_MNAME) values (84,'Jason','Bateman',null);
Insert into PERSON (PERSONID,PERSON_FNAME,PERSON_LNAME,PERSON_MNAME) values (85,'Rachel','McAdams',null);
Insert into PERSON (PERSONID,PERSON_FNAME,PERSON_LNAME,PERSON_MNAME) values (86,'Kyle','Chandler',null);
Insert into PERSON (PERSONID,PERSON_FNAME,PERSON_LNAME,PERSON_MNAME) values (87,'Sharon','Horgan',null);
Insert into PERSON (PERSONID,PERSON_FNAME,PERSON_LNAME,PERSON_MNAME) values (88,'Billy','Magnussen',null);
Insert into PERSON (PERSONID,PERSON_FNAME,PERSON_LNAME,PERSON_MNAME) values (89,'Lamorne','Morris',null);
Insert into PERSON (PERSONID,PERSON_FNAME,PERSON_LNAME,PERSON_MNAME) values (90,'Kylie','Bunbury',null);
Insert into PERSON (PERSONID,PERSON_FNAME,PERSON_LNAME,PERSON_MNAME) values (91,'Jesse','Plemons',null);
Insert into PERSON (PERSONID,PERSON_FNAME,PERSON_LNAME,PERSON_MNAME) values (92,'Michael','C. Hall',null);
Insert into PERSON (PERSONID,PERSON_FNAME,PERSON_LNAME,PERSON_MNAME) values (93,'Danny','Huston',null);
Insert into PERSON (PERSONID,PERSON_FNAME,PERSON_LNAME,PERSON_MNAME) values (94,'Chelsea','Peretti',null);
Insert into PERSON (PERSONID,PERSON_FNAME,PERSON_LNAME,PERSON_MNAME) values (95,'Camille','Chen',null);
Insert into PERSON (PERSONID,PERSON_FNAME,PERSON_LNAME,PERSON_MNAME) values (96,'Zerrick','Williams',null);
Insert into PERSON (PERSONID,PERSON_FNAME,PERSON_LNAME,PERSON_MNAME) values (97,'Joshua','Mikel',null);
Insert into PERSON (PERSONID,PERSON_FNAME,PERSON_LNAME,PERSON_MNAME) values (1,'Tom','Cruise',null);
Insert into PERSON (PERSONID,PERSON_FNAME,PERSON_LNAME,PERSON_MNAME) values (2,'Henry','Cavill',null);
Insert into PERSON (PERSONID,PERSON_FNAME,PERSON_LNAME,PERSON_MNAME) values (3,'Ving','Rhames',null);
Insert into PERSON (PERSONID,PERSON_FNAME,PERSON_LNAME,PERSON_MNAME) values (4,'Christopher','McQuarrie',null);
Insert into PERSON (PERSONID,PERSON_FNAME,PERSON_LNAME,PERSON_MNAME) values (5,'Bruce','Geller',null);
Insert into PERSON (PERSONID,PERSON_FNAME,PERSON_LNAME,PERSON_MNAME) values (6,'Simon ','Pegg',null);
Insert into PERSON (PERSONID,PERSON_FNAME,PERSON_LNAME,PERSON_MNAME) values (7,'Rebecca','Ferguson',null);
Insert into PERSON (PERSONID,PERSON_FNAME,PERSON_LNAME,PERSON_MNAME) values (8,'Sean ','Harris',null);
Insert into PERSON (PERSONID,PERSON_FNAME,PERSON_LNAME,PERSON_MNAME) values (9,'Angela','Bassett',null);
Insert into PERSON (PERSONID,PERSON_FNAME,PERSON_LNAME,PERSON_MNAME) values (10,'Vanessa','Kirby',null);
Insert into PERSON (PERSONID,PERSON_FNAME,PERSON_LNAME,PERSON_MNAME) values (21,'Aneesh','Chaganty',null);
Insert into PERSON (PERSONID,PERSON_FNAME,PERSON_LNAME,PERSON_MNAME) values (22,'Sev','Ohanian',null);
Insert into PERSON (PERSONID,PERSON_FNAME,PERSON_LNAME,PERSON_MNAME) values (23,'John','Cho',null);
Insert into PERSON (PERSONID,PERSON_FNAME,PERSON_LNAME,PERSON_MNAME) values (24,'Sara','Sohn',null);
Insert into PERSON (PERSONID,PERSON_FNAME,PERSON_LNAME,PERSON_MNAME) values (25,'Alex','Jayne','Go');
Insert into PERSON (PERSONID,PERSON_FNAME,PERSON_LNAME,PERSON_MNAME) values (26,'Megan','Liu',null);
Insert into PERSON (PERSONID,PERSON_FNAME,PERSON_LNAME,PERSON_MNAME) values (27,'Kya','Dawn','Lau');
Insert into PERSON (PERSONID,PERSON_FNAME,PERSON_LNAME,PERSON_MNAME) values (28,'Michelle','La',null);
Insert into PERSON (PERSONID,PERSON_FNAME,PERSON_LNAME,PERSON_MNAME) values (29,'Joseph','Lee',null);
Insert into PERSON (PERSONID,PERSON_FNAME,PERSON_LNAME,PERSON_MNAME) values (30,'Dominic','Hoffman',null);
Insert into PERSON (PERSONID,PERSON_FNAME,PERSON_LNAME,PERSON_MNAME) values (31,'Sylvia','Minassian',null);
Insert into PERSON (PERSONID,PERSON_FNAME,PERSON_LNAME,PERSON_MNAME) values (32,'Melissa','Disney',null);
REM INSERTING into PERSON_ROLES_IN_MOVIES
SET DEFINE OFF;
Insert into PERSON_ROLES_IN_MOVIES (PRESONROLESID,PERSONID,MOVIEID,ROULESID,ORDERINMOVIES) values (42,41,21,1,1);
Insert into PERSON_ROLES_IN_MOVIES (PRESONROLESID,PERSONID,MOVIEID,ROULESID,ORDERINMOVIES) values (43,42,21,3,1);
Insert into PERSON_ROLES_IN_MOVIES (PRESONROLESID,PERSONID,MOVIEID,ROULESID,ORDERINMOVIES) values (44,43,21,2,1);
Insert into PERSON_ROLES_IN_MOVIES (PRESONROLESID,PERSONID,MOVIEID,ROULESID,ORDERINMOVIES) values (45,44,21,2,2);
Insert into PERSON_ROLES_IN_MOVIES (PRESONROLESID,PERSONID,MOVIEID,ROULESID,ORDERINMOVIES) values (46,45,21,2,3);
Insert into PERSON_ROLES_IN_MOVIES (PRESONROLESID,PERSONID,MOVIEID,ROULESID,ORDERINMOVIES) values (47,46,21,2,4);
Insert into PERSON_ROLES_IN_MOVIES (PRESONROLESID,PERSONID,MOVIEID,ROULESID,ORDERINMOVIES) values (48,47,21,2,5);
Insert into PERSON_ROLES_IN_MOVIES (PRESONROLESID,PERSONID,MOVIEID,ROULESID,ORDERINMOVIES) values (49,48,21,2,6);
Insert into PERSON_ROLES_IN_MOVIES (PRESONROLESID,PERSONID,MOVIEID,ROULESID,ORDERINMOVIES) values (50,49,21,2,7);
Insert into PERSON_ROLES_IN_MOVIES (PRESONROLESID,PERSONID,MOVIEID,ROULESID,ORDERINMOVIES) values (51,50,21,2,8);
Insert into PERSON_ROLES_IN_MOVIES (PRESONROLESID,PERSONID,MOVIEID,ROULESID,ORDERINMOVIES) values (52,51,21,2,9);
Insert into PERSON_ROLES_IN_MOVIES (PRESONROLESID,PERSONID,MOVIEID,ROULESID,ORDERINMOVIES) values (53,52,21,2,10);
Insert into PERSON_ROLES_IN_MOVIES (PRESONROLESID,PERSONID,MOVIEID,ROULESID,ORDERINMOVIES) values (54,53,21,2,11);
Insert into PERSON_ROLES_IN_MOVIES (PRESONROLESID,PERSONID,MOVIEID,ROULESID,ORDERINMOVIES) values (55,54,21,2,12);
Insert into PERSON_ROLES_IN_MOVIES (PRESONROLESID,PERSONID,MOVIEID,ROULESID,ORDERINMOVIES) values (56,55,21,2,13);
Insert into PERSON_ROLES_IN_MOVIES (PRESONROLESID,PERSONID,MOVIEID,ROULESID,ORDERINMOVIES) values (57,56,21,2,14);
Insert into PERSON_ROLES_IN_MOVIES (PRESONROLESID,PERSONID,MOVIEID,ROULESID,ORDERINMOVIES) values (58,57,21,2,15);
Insert into PERSON_ROLES_IN_MOVIES (PRESONROLESID,PERSONID,MOVIEID,ROULESID,ORDERINMOVIES) values (59,58,21,2,16);
Insert into PERSON_ROLES_IN_MOVIES (PRESONROLESID,PERSONID,MOVIEID,ROULESID,ORDERINMOVIES) values (60,59,22,1,1);
Insert into PERSON_ROLES_IN_MOVIES (PRESONROLESID,PERSONID,MOVIEID,ROULESID,ORDERINMOVIES) values (61,59,22,3,1);
Insert into PERSON_ROLES_IN_MOVIES (PRESONROLESID,PERSONID,MOVIEID,ROULESID,ORDERINMOVIES) values (62,60,22,2,1);
Insert into PERSON_ROLES_IN_MOVIES (PRESONROLESID,PERSONID,MOVIEID,ROULESID,ORDERINMOVIES) values (63,61,22,2,3);
Insert into PERSON_ROLES_IN_MOVIES (PRESONROLESID,PERSONID,MOVIEID,ROULESID,ORDERINMOVIES) values (64,62,22,2,4);
Insert into PERSON_ROLES_IN_MOVIES (PRESONROLESID,PERSONID,MOVIEID,ROULESID,ORDERINMOVIES) values (65,63,22,2,5);
Insert into PERSON_ROLES_IN_MOVIES (PRESONROLESID,PERSONID,MOVIEID,ROULESID,ORDERINMOVIES) values (66,64,22,2,6);
Insert into PERSON_ROLES_IN_MOVIES (PRESONROLESID,PERSONID,MOVIEID,ROULESID,ORDERINMOVIES) values (67,65,22,2,7);
Insert into PERSON_ROLES_IN_MOVIES (PRESONROLESID,PERSONID,MOVIEID,ROULESID,ORDERINMOVIES) values (68,66,22,2,8);
Insert into PERSON_ROLES_IN_MOVIES (PRESONROLESID,PERSONID,MOVIEID,ROULESID,ORDERINMOVIES) values (69,67,22,2,9);
Insert into PERSON_ROLES_IN_MOVIES (PRESONROLESID,PERSONID,MOVIEID,ROULESID,ORDERINMOVIES) values (70,68,22,2,10);
Insert into PERSON_ROLES_IN_MOVIES (PRESONROLESID,PERSONID,MOVIEID,ROULESID,ORDERINMOVIES) values (71,69,22,2,11);
Insert into PERSON_ROLES_IN_MOVIES (PRESONROLESID,PERSONID,MOVIEID,ROULESID,ORDERINMOVIES) values (72,70,22,2,12);
Insert into PERSON_ROLES_IN_MOVIES (PRESONROLESID,PERSONID,MOVIEID,ROULESID,ORDERINMOVIES) values (1,1,1,2,1);
Insert into PERSON_ROLES_IN_MOVIES (PRESONROLESID,PERSONID,MOVIEID,ROULESID,ORDERINMOVIES) values (2,2,1,2,2);
Insert into PERSON_ROLES_IN_MOVIES (PRESONROLESID,PERSONID,MOVIEID,ROULESID,ORDERINMOVIES) values (3,3,1,2,3);
Insert into PERSON_ROLES_IN_MOVIES (PRESONROLESID,PERSONID,MOVIEID,ROULESID,ORDERINMOVIES) values (4,4,1,1,1);
Insert into PERSON_ROLES_IN_MOVIES (PRESONROLESID,PERSONID,MOVIEID,ROULESID,ORDERINMOVIES) values (5,4,1,3,1);
Insert into PERSON_ROLES_IN_MOVIES (PRESONROLESID,PERSONID,MOVIEID,ROULESID,ORDERINMOVIES) values (6,5,1,3,2);
Insert into PERSON_ROLES_IN_MOVIES (PRESONROLESID,PERSONID,MOVIEID,ROULESID,ORDERINMOVIES) values (7,6,1,2,4);
Insert into PERSON_ROLES_IN_MOVIES (PRESONROLESID,PERSONID,MOVIEID,ROULESID,ORDERINMOVIES) values (8,7,1,2,5);
Insert into PERSON_ROLES_IN_MOVIES (PRESONROLESID,PERSONID,MOVIEID,ROULESID,ORDERINMOVIES) values (9,8,1,2,6);
Insert into PERSON_ROLES_IN_MOVIES (PRESONROLESID,PERSONID,MOVIEID,ROULESID,ORDERINMOVIES) values (10,9,1,2,7);
Insert into PERSON_ROLES_IN_MOVIES (PRESONROLESID,PERSONID,MOVIEID,ROULESID,ORDERINMOVIES) values (11,10,1,2,8);
Insert into PERSON_ROLES_IN_MOVIES (PRESONROLESID,PERSONID,MOVIEID,ROULESID,ORDERINMOVIES) values (22,21,2,1,1);
Insert into PERSON_ROLES_IN_MOVIES (PRESONROLESID,PERSONID,MOVIEID,ROULESID,ORDERINMOVIES) values (23,21,2,3,1);
Insert into PERSON_ROLES_IN_MOVIES (PRESONROLESID,PERSONID,MOVIEID,ROULESID,ORDERINMOVIES) values (24,22,2,3,2);
Insert into PERSON_ROLES_IN_MOVIES (PRESONROLESID,PERSONID,MOVIEID,ROULESID,ORDERINMOVIES) values (25,23,2,2,1);
Insert into PERSON_ROLES_IN_MOVIES (PRESONROLESID,PERSONID,MOVIEID,ROULESID,ORDERINMOVIES) values (26,24,2,2,2);
Insert into PERSON_ROLES_IN_MOVIES (PRESONROLESID,PERSONID,MOVIEID,ROULESID,ORDERINMOVIES) values (27,25,2,2,3);
Insert into PERSON_ROLES_IN_MOVIES (PRESONROLESID,PERSONID,MOVIEID,ROULESID,ORDERINMOVIES) values (28,26,2,2,4);
Insert into PERSON_ROLES_IN_MOVIES (PRESONROLESID,PERSONID,MOVIEID,ROULESID,ORDERINMOVIES) values (29,27,2,2,5);
Insert into PERSON_ROLES_IN_MOVIES (PRESONROLESID,PERSONID,MOVIEID,ROULESID,ORDERINMOVIES) values (30,28,2,2,6);
Insert into PERSON_ROLES_IN_MOVIES (PRESONROLESID,PERSONID,MOVIEID,ROULESID,ORDERINMOVIES) values (31,29,2,2,7);
Insert into PERSON_ROLES_IN_MOVIES (PRESONROLESID,PERSONID,MOVIEID,ROULESID,ORDERINMOVIES) values (32,30,2,2,8);
Insert into PERSON_ROLES_IN_MOVIES (PRESONROLESID,PERSONID,MOVIEID,ROULESID,ORDERINMOVIES) values (33,31,2,2,9);
Insert into PERSON_ROLES_IN_MOVIES (PRESONROLESID,PERSONID,MOVIEID,ROULESID,ORDERINMOVIES) values (34,32,2,2,10);
REM INSERTING into ROULES
SET DEFINE OFF;
Insert into ROULES (ROULESID,ROULES) values (1,'director');
Insert into ROULES (ROULESID,ROULES) values (2,'cast ');
Insert into ROULES (ROULESID,ROULES) values (3,'writer');
REM INSERTING into STATE
SET DEFINE OFF;
Insert into STATE (IDSTATE,STATENAME,ABBREVIATION) values (1,'Alabama','AL');
Insert into STATE (IDSTATE,STATENAME,ABBREVIATION) values (2,'Alaska','AK');
Insert into STATE (IDSTATE,STATENAME,ABBREVIATION) values (3,'Arizona','AZ');
Insert into STATE (IDSTATE,STATENAME,ABBREVIATION) values (4,'Arkansas','AR');
Insert into STATE (IDSTATE,STATENAME,ABBREVIATION) values (5,'California','CA');
Insert into STATE (IDSTATE,STATENAME,ABBREVIATION) values (6,'Colorado','CO');
Insert into STATE (IDSTATE,STATENAME,ABBREVIATION) values (7,'Connecticut','CT');
Insert into STATE (IDSTATE,STATENAME,ABBREVIATION) values (8,'Delaware','DE');
Insert into STATE (IDSTATE,STATENAME,ABBREVIATION) values (9,'Florida','FL');
Insert into STATE (IDSTATE,STATENAME,ABBREVIATION) values (10,'Georgia','GA');
Insert into STATE (IDSTATE,STATENAME,ABBREVIATION) values (11,'Hawaii','HI');
Insert into STATE (IDSTATE,STATENAME,ABBREVIATION) values (12,'Idaho','ID');
Insert into STATE (IDSTATE,STATENAME,ABBREVIATION) values (13,'Illinois','IL');
Insert into STATE (IDSTATE,STATENAME,ABBREVIATION) values (14,'Indiana','IN');
Insert into STATE (IDSTATE,STATENAME,ABBREVIATION) values (15,'Iowa','IA');
Insert into STATE (IDSTATE,STATENAME,ABBREVIATION) values (16,'Kansas','KS');
Insert into STATE (IDSTATE,STATENAME,ABBREVIATION) values (17,'Kentucky','KY');
Insert into STATE (IDSTATE,STATENAME,ABBREVIATION) values (18,'Louisiana','LA');
Insert into STATE (IDSTATE,STATENAME,ABBREVIATION) values (19,'Maine','ME');
Insert into STATE (IDSTATE,STATENAME,ABBREVIATION) values (20,'Maryland','MD');
Insert into STATE (IDSTATE,STATENAME,ABBREVIATION) values (21,'Massachusetts','MA');
Insert into STATE (IDSTATE,STATENAME,ABBREVIATION) values (22,'Michigan','MI');
Insert into STATE (IDSTATE,STATENAME,ABBREVIATION) values (23,'Minnesota','MN');
Insert into STATE (IDSTATE,STATENAME,ABBREVIATION) values (24,'Mississippi','MS');
Insert into STATE (IDSTATE,STATENAME,ABBREVIATION) values (25,'Missouri','MO');
Insert into STATE (IDSTATE,STATENAME,ABBREVIATION) values (26,'Montana','MT');
Insert into STATE (IDSTATE,STATENAME,ABBREVIATION) values (27,'Nebraska','NE');
Insert into STATE (IDSTATE,STATENAME,ABBREVIATION) values (28,'Nevada','NV');
Insert into STATE (IDSTATE,STATENAME,ABBREVIATION) values (29,'New Hampshire','NH');
Insert into STATE (IDSTATE,STATENAME,ABBREVIATION) values (30,'New Jersey','NJ');
Insert into STATE (IDSTATE,STATENAME,ABBREVIATION) values (31,'New Mexico','NM');
Insert into STATE (IDSTATE,STATENAME,ABBREVIATION) values (32,'New York','NY');
Insert into STATE (IDSTATE,STATENAME,ABBREVIATION) values (33,'North Carolina','NC');
Insert into STATE (IDSTATE,STATENAME,ABBREVIATION) values (34,'North Dakota','ND');
Insert into STATE (IDSTATE,STATENAME,ABBREVIATION) values (35,'Ohio','OH');
Insert into STATE (IDSTATE,STATENAME,ABBREVIATION) values (36,'Oklahoma','OK');
Insert into STATE (IDSTATE,STATENAME,ABBREVIATION) values (37,'Oregon','OR');
Insert into STATE (IDSTATE,STATENAME,ABBREVIATION) values (38,'Pennsylvania','PA');
Insert into STATE (IDSTATE,STATENAME,ABBREVIATION) values (39,'Rhode Island','RI');
Insert into STATE (IDSTATE,STATENAME,ABBREVIATION) values (40,'South Carolina','SC');
Insert into STATE (IDSTATE,STATENAME,ABBREVIATION) values (41,'South Dakota','SD');
Insert into STATE (IDSTATE,STATENAME,ABBREVIATION) values (42,'Tennessee','TN');
Insert into STATE (IDSTATE,STATENAME,ABBREVIATION) values (43,'Texas','TX');
Insert into STATE (IDSTATE,STATENAME,ABBREVIATION) values (44,'Utah','UT');
Insert into STATE (IDSTATE,STATENAME,ABBREVIATION) values (45,'Vermont','VT');
Insert into STATE (IDSTATE,STATENAME,ABBREVIATION) values (46,'Virginia','VA');
Insert into STATE (IDSTATE,STATENAME,ABBREVIATION) values (47,'Washington','WA');
Insert into STATE (IDSTATE,STATENAME,ABBREVIATION) values (48,'West Virginia','WV');
Insert into STATE (IDSTATE,STATENAME,ABBREVIATION) values (49,'Wisconsin','WI');
Insert into STATE (IDSTATE,STATENAME,ABBREVIATION) values (50,'Wyoming','WY');
REM INSERTING into STUDIOS
SET DEFINE OFF;
REM INSERTING into TAGS
SET DEFINE OFF;
REM INSERTING into USER_HAS_CITY
SET DEFINE OFF;
--------------------------------------------------------
--  DDL for Index CITY_PK
--------------------------------------------------------

  CREATE UNIQUE INDEX "CITY_PK" ON "CITY" ("IDCITY") 
  PCTFREE 10 INITRANS 2 MAXTRANS 255 COMPUTE STATISTICS 
  STORAGE(INITIAL 65536 NEXT 1048576 MINEXTENTS 1 MAXEXTENTS 2147483645
  PCTINCREASE 0 FREELISTS 1 FREELIST GROUPS 1
  BUFFER_POOL DEFAULT FLASH_CACHE DEFAULT CELL_FLASH_CACHE DEFAULT)
  TABLESPACE "USERS" ;
--------------------------------------------------------
--  DDL for Index CONSUMER_FAVORITE_FILMS_PK
--------------------------------------------------------

  CREATE UNIQUE INDEX "CONSUMER_FAVORITE_FILMS_PK" ON "CUSTOMER_FAVORITE_MOVIES" ("CONSUMERFMID") 
  PCTFREE 10 INITRANS 2 MAXTRANS 255 COMPUTE STATISTICS 
  STORAGE(INITIAL 65536 NEXT 1048576 MINEXTENTS 1 MAXEXTENTS 2147483645
  PCTINCREASE 0 FREELISTS 1 FREELIST GROUPS 1
  BUFFER_POOL DEFAULT FLASH_CACHE DEFAULT CELL_FLASH_CACHE DEFAULT)
  TABLESPACE "USERS" ;
--------------------------------------------------------
--  DDL for Index CUSTOMER_PK
--------------------------------------------------------

  CREATE UNIQUE INDEX "CUSTOMER_PK" ON "CUSTOMER" ("CUSTOMERID") 
  PCTFREE 10 INITRANS 2 MAXTRANS 255 COMPUTE STATISTICS 
  STORAGE(INITIAL 65536 NEXT 1048576 MINEXTENTS 1 MAXEXTENTS 2147483645
  PCTINCREASE 0 FREELISTS 1 FREELIST GROUPS 1
  BUFFER_POOL DEFAULT FLASH_CACHE DEFAULT CELL_FLASH_CACHE DEFAULT)
  TABLESPACE "USERS" ;
--------------------------------------------------------
--  DDL for Index CUSTOMER_PREORDER_MOVIES_PK
--------------------------------------------------------

  CREATE UNIQUE INDEX "CUSTOMER_PREORDER_MOVIES_PK" ON "CUSTOMER_PREORDER_MOVIES" ("CONSUMERFMID") 
  PCTFREE 10 INITRANS 2 MAXTRANS 255 COMPUTE STATISTICS 
  STORAGE(INITIAL 65536 NEXT 1048576 MINEXTENTS 1 MAXEXTENTS 2147483645
  PCTINCREASE 0 FREELISTS 1 FREELIST GROUPS 1
  BUFFER_POOL DEFAULT FLASH_CACHE DEFAULT CELL_FLASH_CACHE DEFAULT)
  TABLESPACE "USERS" ;
--------------------------------------------------------
--  DDL for Index CUSTOMER_UK1
--------------------------------------------------------

  CREATE UNIQUE INDEX "CUSTOMER_UK1" ON "CUSTOMER" ("EMAIL") 
  PCTFREE 10 INITRANS 2 MAXTRANS 255 COMPUTE STATISTICS 
  STORAGE(INITIAL 65536 NEXT 1048576 MINEXTENTS 1 MAXEXTENTS 2147483645
  PCTINCREASE 0 FREELISTS 1 FREELIST GROUPS 1
  BUFFER_POOL DEFAULT FLASH_CACHE DEFAULT CELL_FLASH_CACHE DEFAULT)
  TABLESPACE "USERS" ;
--------------------------------------------------------
--  DDL for Index GENRES_PK
--------------------------------------------------------

  CREATE UNIQUE INDEX "GENRES_PK" ON "GENRES" ("GENRESID") 
  PCTFREE 10 INITRANS 2 MAXTRANS 255 COMPUTE STATISTICS 
  STORAGE(INITIAL 65536 NEXT 1048576 MINEXTENTS 1 MAXEXTENTS 2147483645
  PCTINCREASE 0 FREELISTS 1 FREELIST GROUPS 1
  BUFFER_POOL DEFAULT FLASH_CACHE DEFAULT CELL_FLASH_CACHE DEFAULT)
  TABLESPACE "USERS" ;
--------------------------------------------------------
--  DDL for Index HOMEPAGE_PK
--------------------------------------------------------

  CREATE UNIQUE INDEX "HOMEPAGE_PK" ON "HOMEPAGE" ("HOMEPAGEID") 
  PCTFREE 10 INITRANS 2 MAXTRANS 255 COMPUTE STATISTICS 
  STORAGE(INITIAL 65536 NEXT 1048576 MINEXTENTS 1 MAXEXTENTS 2147483645
  PCTINCREASE 0 FREELISTS 1 FREELIST GROUPS 1
  BUFFER_POOL DEFAULT FLASH_CACHE DEFAULT CELL_FLASH_CACHE DEFAULT)
  TABLESPACE "USERS" ;
--------------------------------------------------------
--  DDL for Index MEDIATIP_PK
--------------------------------------------------------

  CREATE UNIQUE INDEX "MEDIATIP_PK" ON "MEDIATIP" ("MEDIATIPID") 
  PCTFREE 10 INITRANS 2 MAXTRANS 255 COMPUTE STATISTICS 
  STORAGE(INITIAL 65536 NEXT 1048576 MINEXTENTS 1 MAXEXTENTS 2147483645
  PCTINCREASE 0 FREELISTS 1 FREELIST GROUPS 1
  BUFFER_POOL DEFAULT FLASH_CACHE DEFAULT CELL_FLASH_CACHE DEFAULT)
  TABLESPACE "USERS" ;
--------------------------------------------------------
--  DDL for Index MEDIA_PK
--------------------------------------------------------

  CREATE UNIQUE INDEX "MEDIA_PK" ON "MEDIA" ("MEDIAID") 
  PCTFREE 10 INITRANS 2 MAXTRANS 255 COMPUTE STATISTICS 
  STORAGE(INITIAL 65536 NEXT 1048576 MINEXTENTS 1 MAXEXTENTS 2147483645
  PCTINCREASE 0 FREELISTS 1 FREELIST GROUPS 1
  BUFFER_POOL DEFAULT FLASH_CACHE DEFAULT CELL_FLASH_CACHE DEFAULT)
  TABLESPACE "USERS" ;
--------------------------------------------------------
--  DDL for Index MOVIES_PK
--------------------------------------------------------

  CREATE UNIQUE INDEX "MOVIES_PK" ON "MOVIES" ("MOVIESID") 
  PCTFREE 10 INITRANS 2 MAXTRANS 255 COMPUTE STATISTICS 
  STORAGE(INITIAL 65536 NEXT 1048576 MINEXTENTS 1 MAXEXTENTS 2147483645
  PCTINCREASE 0 FREELISTS 1 FREELIST GROUPS 1
  BUFFER_POOL DEFAULT FLASH_CACHE DEFAULT CELL_FLASH_CACHE DEFAULT)
  TABLESPACE "USERS" ;
--------------------------------------------------------
--  DDL for Index ORDERS_PK
--------------------------------------------------------

  CREATE UNIQUE INDEX "ORDERS_PK" ON "ORDERS" ("ORDERSID") 
  PCTFREE 10 INITRANS 2 MAXTRANS 255 COMPUTE STATISTICS 
  STORAGE(INITIAL 65536 NEXT 1048576 MINEXTENTS 1 MAXEXTENTS 2147483645
  PCTINCREASE 0 FREELISTS 1 FREELIST GROUPS 1
  BUFFER_POOL DEFAULT FLASH_CACHE DEFAULT CELL_FLASH_CACHE DEFAULT)
  TABLESPACE "USERS" ;
--------------------------------------------------------
--  DDL for Index PERSON_PK
--------------------------------------------------------

  CREATE UNIQUE INDEX "PERSON_PK" ON "PERSON" ("PERSONID") 
  PCTFREE 10 INITRANS 2 MAXTRANS 255 COMPUTE STATISTICS 
  STORAGE(INITIAL 65536 NEXT 1048576 MINEXTENTS 1 MAXEXTENTS 2147483645
  PCTINCREASE 0 FREELISTS 1 FREELIST GROUPS 1
  BUFFER_POOL DEFAULT FLASH_CACHE DEFAULT CELL_FLASH_CACHE DEFAULT)
  TABLESPACE "USERS" ;
--------------------------------------------------------
--  DDL for Index PERSON_ROLES_IN_MOVIES_PK
--------------------------------------------------------

  CREATE UNIQUE INDEX "PERSON_ROLES_IN_MOVIES_PK" ON "PERSON_ROLES_IN_MOVIES" ("PRESONROLESID") 
  PCTFREE 10 INITRANS 2 MAXTRANS 255 COMPUTE STATISTICS 
  STORAGE(INITIAL 65536 NEXT 1048576 MINEXTENTS 1 MAXEXTENTS 2147483645
  PCTINCREASE 0 FREELISTS 1 FREELIST GROUPS 1
  BUFFER_POOL DEFAULT FLASH_CACHE DEFAULT CELL_FLASH_CACHE DEFAULT)
  TABLESPACE "USERS" ;
--------------------------------------------------------
--  DDL for Index ROULES_PK
--------------------------------------------------------

  CREATE UNIQUE INDEX "ROULES_PK" ON "ROULES" ("ROULESID") 
  PCTFREE 10 INITRANS 2 MAXTRANS 255 COMPUTE STATISTICS 
  STORAGE(INITIAL 65536 NEXT 1048576 MINEXTENTS 1 MAXEXTENTS 2147483645
  PCTINCREASE 0 FREELISTS 1 FREELIST GROUPS 1
  BUFFER_POOL DEFAULT FLASH_CACHE DEFAULT CELL_FLASH_CACHE DEFAULT)
  TABLESPACE "USERS" ;
--------------------------------------------------------
--  DDL for Index STATE_PK
--------------------------------------------------------

  CREATE UNIQUE INDEX "STATE_PK" ON "STATE" ("IDSTATE") 
  PCTFREE 10 INITRANS 2 MAXTRANS 255 COMPUTE STATISTICS 
  STORAGE(INITIAL 65536 NEXT 1048576 MINEXTENTS 1 MAXEXTENTS 2147483645
  PCTINCREASE 0 FREELISTS 1 FREELIST GROUPS 1
  BUFFER_POOL DEFAULT FLASH_CACHE DEFAULT CELL_FLASH_CACHE DEFAULT)
  TABLESPACE "USERS" ;
--------------------------------------------------------
--  DDL for Index TABLE1_PK
--------------------------------------------------------

  CREATE UNIQUE INDEX "TABLE1_PK" ON "ITEM" ("ID") 
  PCTFREE 10 INITRANS 2 MAXTRANS 255 COMPUTE STATISTICS 
  STORAGE(INITIAL 65536 NEXT 1048576 MINEXTENTS 1 MAXEXTENTS 2147483645
  PCTINCREASE 0 FREELISTS 1 FREELIST GROUPS 1
  BUFFER_POOL DEFAULT FLASH_CACHE DEFAULT CELL_FLASH_CACHE DEFAULT)
  TABLESPACE "SYSTEM" ;
--------------------------------------------------------
--  DDL for Index FK_MOVIES_HAS_STUDIOS_MOVIES1_IDX
--------------------------------------------------------

  CREATE INDEX "FK_MOVIES_HAS_STUDIOS_MOVIES1_IDX" ON "MOVIES_HAS_STUDIOS" ("MOVIES_ID") 
  PCTFREE 10 INITRANS 2 MAXTRANS 255 COMPUTE STATISTICS 
  TABLESPACE "USERS" ;
--------------------------------------------------------
--  DDL for Index FK_MOVIES_HAS_ORDERS_ORDERS1_IDX
--------------------------------------------------------

  CREATE INDEX "FK_MOVIES_HAS_ORDERS_ORDERS1_IDX" ON "MOVIES_HAS_ORDERS" ("ORDERS_ID") 
  PCTFREE 10 INITRANS 2 MAXTRANS 255 COMPUTE STATISTICS 
  TABLESPACE "USERS" ;
--------------------------------------------------------
--  DDL for Index FK_MOVIES_HAS_ORDERS_MOVIES1_IDX
--------------------------------------------------------

  CREATE INDEX "FK_MOVIES_HAS_ORDERS_MOVIES1_IDX" ON "MOVIES_HAS_ORDERS" ("MOVIES_ID") 
  PCTFREE 10 INITRANS 2 MAXTRANS 255 COMPUTE STATISTICS 
  TABLESPACE "USERS" ;
--------------------------------------------------------
--  DDL for Index FK_USER_HAS_CITY_CITY1_IDX
--------------------------------------------------------

  CREATE INDEX "FK_USER_HAS_CITY_CITY1_IDX" ON "USER_HAS_CITY" ("CITY_ID") 
  PCTFREE 10 INITRANS 2 MAXTRANS 255 COMPUTE STATISTICS 
  TABLESPACE "USERS" ;
--------------------------------------------------------
--  DDL for Index FK_MOVIES_HAS_TAGS_TAGS1_IDX
--------------------------------------------------------

  CREATE INDEX "FK_MOVIES_HAS_TAGS_TAGS1_IDX" ON "MOVIES_HAS_TAGS" ("TAGS_ID") 
  PCTFREE 10 INITRANS 2 MAXTRANS 255 COMPUTE STATISTICS 
  TABLESPACE "USERS" ;
--------------------------------------------------------
--  DDL for Index FK_MOVIES_HAS_STUDIOS_STUDIOS1_IDX
--------------------------------------------------------

  CREATE INDEX "FK_MOVIES_HAS_STUDIOS_STUDIOS1_IDX" ON "MOVIES_HAS_STUDIOS" ("STUDIOS_ID") 
  PCTFREE 10 INITRANS 2 MAXTRANS 255 COMPUTE STATISTICS 
  TABLESPACE "USERS" ;
--------------------------------------------------------
--  DDL for Index FK_MOVIES_HAS_TAGS_MOVIES1_IDX
--------------------------------------------------------

  CREATE INDEX "FK_MOVIES_HAS_TAGS_MOVIES1_IDX" ON "MOVIES_HAS_TAGS" ("MOVIES_ID") 
  PCTFREE 10 INITRANS 2 MAXTRANS 255 COMPUTE STATISTICS 
  TABLESPACE "USERS" ;
--------------------------------------------------------
--  DDL for Index FK_USER_HAS_CITY_USER1_IDX
--------------------------------------------------------

  CREATE INDEX "FK_USER_HAS_CITY_USER1_IDX" ON "USER_HAS_CITY" ("USER_ID") 
  PCTFREE 10 INITRANS 2 MAXTRANS 255 COMPUTE STATISTICS 
  TABLESPACE "USERS" ;
--------------------------------------------------------
--  DDL for Trigger CUSTOMER_AITRIG
--------------------------------------------------------

  CREATE OR REPLACE EDITIONABLE TRIGGER "CUSTOMER_AITRIG" 
after DELETE or INSERT or UPDATE on CUSTOMER
for each row
    begin
        CASE
            WHEN  inserting then
                insert into CUSTOMER_LOGIN 
                    (customerid, email, last_name, password, username, frst_name)
                    values ( :new.CUSTOMERID, :new.email, :new.last_name, :new.password, :new.username, :new.frst_name );       
            WHEN UPDATING THEN
                UPDATE CUSTOMER_LOGIN SET  email=:new.email, last_name=:new.last_name, password=:new.password, username=:new.username, frst_name=:new.frst_name WHERE customerid=:old.CUSTOMERID;        
            WHEN DELETING THEN
                DELETE FROM CUSTOMER_LOGIN WHERE customerid=:old.CUSTOMERID;
        end CASE;
    end;
/
ALTER TRIGGER "CUSTOMER_AITRIG" ENABLE;
--------------------------------------------------------
--  DDL for Trigger FORMAT_SEQ_TR
--------------------------------------------------------

  CREATE OR REPLACE NONEDITIONABLE TRIGGER "FORMAT_SEQ_TR" 
 BEFORE INSERT ON C##case.format FOR EACH ROW
   WHEN (NEW.id IS NULL) BEGIN
 SELECT C##case.format_seq.NEXTVAL INTO :NEW.id FROM DUAL;
END;


/
ALTER TRIGGER "FORMAT_SEQ_TR" ENABLE;
--------------------------------------------------------
--  DDL for Trigger STUDIOS_SEQ_TR
--------------------------------------------------------

  CREATE OR REPLACE NONEDITIONABLE TRIGGER "STUDIOS_SEQ_TR" 
 BEFORE INSERT ON C##case.Studios FOR EACH ROW
   WHEN (NEW.id IS NULL) BEGIN
 SELECT C##case.Studios_seq.NEXTVAL INTO :NEW.id FROM DUAL;
END;


/
ALTER TRIGGER "STUDIOS_SEQ_TR" ENABLE;
--------------------------------------------------------
--  DDL for Trigger TAGS_SEQ_TR
--------------------------------------------------------

  CREATE OR REPLACE NONEDITIONABLE TRIGGER "TAGS_SEQ_TR" 
 BEFORE INSERT ON C##case.tags FOR EACH ROW
   WHEN (NEW.id IS NULL) BEGIN
 SELECT C##case.tags_seq.NEXTVAL INTO :NEW.id FROM DUAL;
END;


/
ALTER TRIGGER "TAGS_SEQ_TR" ENABLE;
--------------------------------------------------------
--  DDL for Trigger TRIGGER1
--------------------------------------------------------

  CREATE OR REPLACE EDITIONABLE TRIGGER "TRIGGER1" 
AFTER DELETE OR INSERT OR UPDATE OF CUSTOMERID,EMAIL,FRST_NAME,PASSWORD,USERNAME ON CUSTOMER_LOGIN 
BEGIN
  NULL;
END;
/
ALTER TRIGGER "TRIGGER1" ENABLE;
--------------------------------------------------------
--  Constraints for Table GENRES
--------------------------------------------------------

  ALTER TABLE "GENRES" MODIFY ("GENRESID" NOT NULL ENABLE);
  ALTER TABLE "GENRES" ADD CONSTRAINT "GENRES_PK" PRIMARY KEY ("GENRESID")
  USING INDEX PCTFREE 10 INITRANS 2 MAXTRANS 255 COMPUTE STATISTICS 
  STORAGE(INITIAL 65536 NEXT 1048576 MINEXTENTS 1 MAXEXTENTS 2147483645
  PCTINCREASE 0 FREELISTS 1 FREELIST GROUPS 1
  BUFFER_POOL DEFAULT FLASH_CACHE DEFAULT CELL_FLASH_CACHE DEFAULT)
  TABLESPACE "USERS"  ENABLE;
--------------------------------------------------------
--  Constraints for Table MOVIES_HAS_TAGS
--------------------------------------------------------

  ALTER TABLE "MOVIES_HAS_TAGS" MODIFY ("MOVIES_ID" NOT NULL ENABLE);
  ALTER TABLE "MOVIES_HAS_TAGS" MODIFY ("TAGS_ID" NOT NULL ENABLE);
--------------------------------------------------------
--  Constraints for Table CITY
--------------------------------------------------------

  ALTER TABLE "CITY" MODIFY ("IDCITY" NOT NULL ENABLE);
  ALTER TABLE "CITY" ADD CONSTRAINT "CITY_PK" PRIMARY KEY ("IDCITY")
  USING INDEX PCTFREE 10 INITRANS 2 MAXTRANS 255 COMPUTE STATISTICS 
  STORAGE(INITIAL 65536 NEXT 1048576 MINEXTENTS 1 MAXEXTENTS 2147483645
  PCTINCREASE 0 FREELISTS 1 FREELIST GROUPS 1
  BUFFER_POOL DEFAULT FLASH_CACHE DEFAULT CELL_FLASH_CACHE DEFAULT)
  TABLESPACE "USERS"  ENABLE;
  ALTER TABLE "CITY" MODIFY ("CITYNAME" NOT NULL ENABLE);
--------------------------------------------------------
--  Constraints for Table CUSTOMER_LOGIN
--------------------------------------------------------

  ALTER TABLE "CUSTOMER_LOGIN" MODIFY ("CUSTOMERID" NOT NULL ENABLE);
  ALTER TABLE "CUSTOMER_LOGIN" MODIFY ("EMAIL" NOT NULL ENABLE);
--------------------------------------------------------
--  Constraints for Table CUSTOMER_PREORDER_MOVIES
--------------------------------------------------------

  ALTER TABLE "CUSTOMER_PREORDER_MOVIES" MODIFY ("CONSUMERFMID" NOT NULL ENABLE);
  ALTER TABLE "CUSTOMER_PREORDER_MOVIES" ADD CONSTRAINT "CUSTOMER_PREORDER_MOVIES_PK" PRIMARY KEY ("CONSUMERFMID")
  USING INDEX PCTFREE 10 INITRANS 2 MAXTRANS 255 COMPUTE STATISTICS 
  STORAGE(INITIAL 65536 NEXT 1048576 MINEXTENTS 1 MAXEXTENTS 2147483645
  PCTINCREASE 0 FREELISTS 1 FREELIST GROUPS 1
  BUFFER_POOL DEFAULT FLASH_CACHE DEFAULT CELL_FLASH_CACHE DEFAULT)
  TABLESPACE "USERS"  ENABLE;
  ALTER TABLE "CUSTOMER_PREORDER_MOVIES" MODIFY ("MOVIESID" NOT NULL ENABLE);
  ALTER TABLE "CUSTOMER_PREORDER_MOVIES" MODIFY ("CUSTOMERID" NOT NULL ENABLE);
--------------------------------------------------------
--  Constraints for Table MOVIES_HAS_STUDIOS
--------------------------------------------------------

  ALTER TABLE "MOVIES_HAS_STUDIOS" MODIFY ("MOVIES_ID" NOT NULL ENABLE);
  ALTER TABLE "MOVIES_HAS_STUDIOS" MODIFY ("STUDIOS_ID" NOT NULL ENABLE);
  ALTER TABLE "MOVIES_HAS_STUDIOS" ADD PRIMARY KEY ("MOVIES_ID", "STUDIOS_ID")
  USING INDEX PCTFREE 10 INITRANS 2 MAXTRANS 255 COMPUTE STATISTICS 
  TABLESPACE "USERS"  ENABLE;
--------------------------------------------------------
--  Constraints for Table CUSTOMER
--------------------------------------------------------

  ALTER TABLE "CUSTOMER" MODIFY ("CUSTOMERID" NOT NULL ENABLE);
  ALTER TABLE "CUSTOMER" ADD CONSTRAINT "CUSTOMER_PK" PRIMARY KEY ("CUSTOMERID")
  USING INDEX PCTFREE 10 INITRANS 2 MAXTRANS 255 COMPUTE STATISTICS 
  STORAGE(INITIAL 65536 NEXT 1048576 MINEXTENTS 1 MAXEXTENTS 2147483645
  PCTINCREASE 0 FREELISTS 1 FREELIST GROUPS 1
  BUFFER_POOL DEFAULT FLASH_CACHE DEFAULT CELL_FLASH_CACHE DEFAULT)
  TABLESPACE "USERS"  ENABLE;
  ALTER TABLE "CUSTOMER" MODIFY ("EMAIL" NOT NULL ENABLE);
  ALTER TABLE "CUSTOMER" ADD CONSTRAINT "CUSTOMER_UK1" UNIQUE ("EMAIL")
  USING INDEX PCTFREE 10 INITRANS 2 MAXTRANS 255 COMPUTE STATISTICS 
  STORAGE(INITIAL 65536 NEXT 1048576 MINEXTENTS 1 MAXEXTENTS 2147483645
  PCTINCREASE 0 FREELISTS 1 FREELIST GROUPS 1
  BUFFER_POOL DEFAULT FLASH_CACHE DEFAULT CELL_FLASH_CACHE DEFAULT)
  TABLESPACE "USERS"  ENABLE;
--------------------------------------------------------
--  Constraints for Table CUSTOMER_FAVORITE_MOVIES
--------------------------------------------------------

  ALTER TABLE "CUSTOMER_FAVORITE_MOVIES" MODIFY ("CONSUMERFMID" NOT NULL ENABLE);
  ALTER TABLE "CUSTOMER_FAVORITE_MOVIES" MODIFY ("MOVIESID" NOT NULL ENABLE);
  ALTER TABLE "CUSTOMER_FAVORITE_MOVIES" MODIFY ("CUSTOMERID" NOT NULL ENABLE);
  ALTER TABLE "CUSTOMER_FAVORITE_MOVIES" ADD CONSTRAINT "CONSUMER_FAVORITE_FILMS_PK" PRIMARY KEY ("CONSUMERFMID")
  USING INDEX PCTFREE 10 INITRANS 2 MAXTRANS 255 COMPUTE STATISTICS 
  STORAGE(INITIAL 65536 NEXT 1048576 MINEXTENTS 1 MAXEXTENTS 2147483645
  PCTINCREASE 0 FREELISTS 1 FREELIST GROUPS 1
  BUFFER_POOL DEFAULT FLASH_CACHE DEFAULT CELL_FLASH_CACHE DEFAULT)
  TABLESPACE "USERS"  ENABLE;
--------------------------------------------------------
--  Constraints for Table ITEM
--------------------------------------------------------

  ALTER TABLE "ITEM" MODIFY ("PRICE" NOT NULL ENABLE);
  ALTER TABLE "ITEM" ADD CONSTRAINT "TABLE1_PK" PRIMARY KEY ("ID")
  USING INDEX PCTFREE 10 INITRANS 2 MAXTRANS 255 COMPUTE STATISTICS 
  STORAGE(INITIAL 65536 NEXT 1048576 MINEXTENTS 1 MAXEXTENTS 2147483645
  PCTINCREASE 0 FREELISTS 1 FREELIST GROUPS 1
  BUFFER_POOL DEFAULT FLASH_CACHE DEFAULT CELL_FLASH_CACHE DEFAULT)
  TABLESPACE "SYSTEM"  ENABLE;
  ALTER TABLE "ITEM" MODIFY ("ID" NOT NULL ENABLE);
  ALTER TABLE "ITEM" MODIFY ("QUANTITY_IN_STOCK" NOT NULL ENABLE);
  ALTER TABLE "ITEM" MODIFY ("NAME" NOT NULL ENABLE);
--------------------------------------------------------
--  Constraints for Table PERSON
--------------------------------------------------------

  ALTER TABLE "PERSON" MODIFY ("PERSONID" NOT NULL ENABLE);
  ALTER TABLE "PERSON" ADD CONSTRAINT "PERSON_PK" PRIMARY KEY ("PERSONID")
  USING INDEX PCTFREE 10 INITRANS 2 MAXTRANS 255 COMPUTE STATISTICS 
  STORAGE(INITIAL 65536 NEXT 1048576 MINEXTENTS 1 MAXEXTENTS 2147483645
  PCTINCREASE 0 FREELISTS 1 FREELIST GROUPS 1
  BUFFER_POOL DEFAULT FLASH_CACHE DEFAULT CELL_FLASH_CACHE DEFAULT)
  TABLESPACE "USERS"  ENABLE;
--------------------------------------------------------
--  Constraints for Table ORDERS
--------------------------------------------------------

  ALTER TABLE "ORDERS" MODIFY ("ORDERSID" NOT NULL ENABLE);
  ALTER TABLE "ORDERS" MODIFY ("CUSTOMERID" NOT NULL ENABLE);
  ALTER TABLE "ORDERS" ADD CONSTRAINT "ORDERS_PK" PRIMARY KEY ("ORDERSID")
  USING INDEX PCTFREE 10 INITRANS 2 MAXTRANS 255 COMPUTE STATISTICS 
  STORAGE(INITIAL 65536 NEXT 1048576 MINEXTENTS 1 MAXEXTENTS 2147483645
  PCTINCREASE 0 FREELISTS 1 FREELIST GROUPS 1
  BUFFER_POOL DEFAULT FLASH_CACHE DEFAULT CELL_FLASH_CACHE DEFAULT)
  TABLESPACE "USERS"  ENABLE;
--------------------------------------------------------
--  Constraints for Table TAGS
--------------------------------------------------------

  ALTER TABLE "TAGS" MODIFY ("ID" NOT NULL ENABLE);
  ALTER TABLE "TAGS" MODIFY ("TAG" NOT NULL ENABLE);
  ALTER TABLE "TAGS" ADD PRIMARY KEY ("ID")
  USING INDEX PCTFREE 10 INITRANS 2 MAXTRANS 255 COMPUTE STATISTICS 
  TABLESPACE "USERS"  ENABLE;
--------------------------------------------------------
--  Constraints for Table FORMAT
--------------------------------------------------------

  ALTER TABLE "FORMAT" MODIFY ("ID" NOT NULL ENABLE);
  ALTER TABLE "FORMAT" MODIFY ("FORMAT" NOT NULL ENABLE);
  ALTER TABLE "FORMAT" ADD PRIMARY KEY ("ID")
  USING INDEX PCTFREE 10 INITRANS 2 MAXTRANS 255 COMPUTE STATISTICS 
  STORAGE(INITIAL 65536 NEXT 1048576 MINEXTENTS 1 MAXEXTENTS 2147483645
  PCTINCREASE 0 FREELISTS 1 FREELIST GROUPS 1
  BUFFER_POOL DEFAULT FLASH_CACHE DEFAULT CELL_FLASH_CACHE DEFAULT)
  TABLESPACE "USERS"  ENABLE;
--------------------------------------------------------
--  Constraints for Table HOMEPAGE
--------------------------------------------------------

  ALTER TABLE "HOMEPAGE" MODIFY ("HOMEPAGEID" NOT NULL ENABLE);
  ALTER TABLE "HOMEPAGE" MODIFY ("MOVIESID" NOT NULL ENABLE);
  ALTER TABLE "HOMEPAGE" ADD CONSTRAINT "HOMEPAGE_PK" PRIMARY KEY ("HOMEPAGEID")
  USING INDEX PCTFREE 10 INITRANS 2 MAXTRANS 255 COMPUTE STATISTICS 
  STORAGE(INITIAL 65536 NEXT 1048576 MINEXTENTS 1 MAXEXTENTS 2147483645
  PCTINCREASE 0 FREELISTS 1 FREELIST GROUPS 1
  BUFFER_POOL DEFAULT FLASH_CACHE DEFAULT CELL_FLASH_CACHE DEFAULT)
  TABLESPACE "USERS"  ENABLE;
--------------------------------------------------------
--  Constraints for Table USER_HAS_CITY
--------------------------------------------------------

  ALTER TABLE "USER_HAS_CITY" MODIFY ("USER_ID" NOT NULL ENABLE);
  ALTER TABLE "USER_HAS_CITY" MODIFY ("CITY_ID" NOT NULL ENABLE);
  ALTER TABLE "USER_HAS_CITY" ADD PRIMARY KEY ("USER_ID", "CITY_ID")
  USING INDEX PCTFREE 10 INITRANS 2 MAXTRANS 255 COMPUTE STATISTICS 
  TABLESPACE "USERS"  ENABLE;
--------------------------------------------------------
--  Constraints for Table MOVIES
--------------------------------------------------------

  ALTER TABLE "MOVIES" MODIFY ("MOVIESID" NOT NULL ENABLE);
  ALTER TABLE "MOVIES" ADD CONSTRAINT "MOVIES_PK" PRIMARY KEY ("MOVIESID")
  USING INDEX PCTFREE 10 INITRANS 2 MAXTRANS 255 COMPUTE STATISTICS 
  STORAGE(INITIAL 65536 NEXT 1048576 MINEXTENTS 1 MAXEXTENTS 2147483645
  PCTINCREASE 0 FREELISTS 1 FREELIST GROUPS 1
  BUFFER_POOL DEFAULT FLASH_CACHE DEFAULT CELL_FLASH_CACHE DEFAULT)
  TABLESPACE "USERS"  ENABLE;
  ALTER TABLE "MOVIES" MODIFY ("TITLE" NOT NULL ENABLE);
--------------------------------------------------------
--  Constraints for Table MOVIES_HAS_ORDERS
--------------------------------------------------------

  ALTER TABLE "MOVIES_HAS_ORDERS" MODIFY ("MOVIES_ID" NOT NULL ENABLE);
  ALTER TABLE "MOVIES_HAS_ORDERS" MODIFY ("ORDERS_ID" NOT NULL ENABLE);
  ALTER TABLE "MOVIES_HAS_ORDERS" MODIFY ("QUANTITY_ORDER" NOT NULL ENABLE);
  ALTER TABLE "MOVIES_HAS_ORDERS" ADD PRIMARY KEY ("MOVIES_ID", "ORDERS_ID")
  USING INDEX PCTFREE 10 INITRANS 2 MAXTRANS 255 COMPUTE STATISTICS 
  TABLESPACE "USERS"  ENABLE;
--------------------------------------------------------
--  Constraints for Table PERSON_ROLES_IN_MOVIES
--------------------------------------------------------

  ALTER TABLE "PERSON_ROLES_IN_MOVIES" MODIFY ("PRESONROLESID" NOT NULL ENABLE);
  ALTER TABLE "PERSON_ROLES_IN_MOVIES" MODIFY ("PERSONID" NOT NULL ENABLE);
  ALTER TABLE "PERSON_ROLES_IN_MOVIES" MODIFY ("MOVIEID" NOT NULL ENABLE);
  ALTER TABLE "PERSON_ROLES_IN_MOVIES" MODIFY ("ROULESID" NOT NULL ENABLE);
  ALTER TABLE "PERSON_ROLES_IN_MOVIES" ADD CONSTRAINT "PERSON_ROLES_IN_MOVIES_PK" PRIMARY KEY ("PRESONROLESID")
  USING INDEX PCTFREE 10 INITRANS 2 MAXTRANS 255 COMPUTE STATISTICS 
  STORAGE(INITIAL 65536 NEXT 1048576 MINEXTENTS 1 MAXEXTENTS 2147483645
  PCTINCREASE 0 FREELISTS 1 FREELIST GROUPS 1
  BUFFER_POOL DEFAULT FLASH_CACHE DEFAULT CELL_FLASH_CACHE DEFAULT)
  TABLESPACE "USERS"  ENABLE;
--------------------------------------------------------
--  Constraints for Table ROULES
--------------------------------------------------------

  ALTER TABLE "ROULES" MODIFY ("ROULESID" NOT NULL ENABLE);
  ALTER TABLE "ROULES" ADD CONSTRAINT "ROULES_PK" PRIMARY KEY ("ROULESID")
  USING INDEX PCTFREE 10 INITRANS 2 MAXTRANS 255 COMPUTE STATISTICS 
  STORAGE(INITIAL 65536 NEXT 1048576 MINEXTENTS 1 MAXEXTENTS 2147483645
  PCTINCREASE 0 FREELISTS 1 FREELIST GROUPS 1
  BUFFER_POOL DEFAULT FLASH_CACHE DEFAULT CELL_FLASH_CACHE DEFAULT)
  TABLESPACE "USERS"  ENABLE;
--------------------------------------------------------
--  Constraints for Table STUDIOS
--------------------------------------------------------

  ALTER TABLE "STUDIOS" MODIFY ("ID" NOT NULL ENABLE);
  ALTER TABLE "STUDIOS" ADD PRIMARY KEY ("ID")
  USING INDEX PCTFREE 10 INITRANS 2 MAXTRANS 255 COMPUTE STATISTICS 
  TABLESPACE "USERS"  ENABLE;
--------------------------------------------------------
--  Constraints for Table MEDIATIP
--------------------------------------------------------

  ALTER TABLE "MEDIATIP" MODIFY ("MEDIATIPID" NOT NULL ENABLE);
  ALTER TABLE "MEDIATIP" ADD CONSTRAINT "MEDIATIP_PK" PRIMARY KEY ("MEDIATIPID")
  USING INDEX PCTFREE 10 INITRANS 2 MAXTRANS 255 COMPUTE STATISTICS 
  STORAGE(INITIAL 65536 NEXT 1048576 MINEXTENTS 1 MAXEXTENTS 2147483645
  PCTINCREASE 0 FREELISTS 1 FREELIST GROUPS 1
  BUFFER_POOL DEFAULT FLASH_CACHE DEFAULT CELL_FLASH_CACHE DEFAULT)
  TABLESPACE "USERS"  ENABLE;
--------------------------------------------------------
--  Constraints for Table MEDIA
--------------------------------------------------------

  ALTER TABLE "MEDIA" MODIFY ("MEDIAID" NOT NULL ENABLE);
  ALTER TABLE "MEDIA" MODIFY ("MEDIATIPID" NOT NULL ENABLE);
  ALTER TABLE "MEDIA" MODIFY ("MOVIESID" NOT NULL ENABLE);
  ALTER TABLE "MEDIA" MODIFY ("MEDIAPATH" NOT NULL ENABLE);
  ALTER TABLE "MEDIA" ADD CONSTRAINT "MEDIA_PK" PRIMARY KEY ("MEDIAID")
  USING INDEX PCTFREE 10 INITRANS 2 MAXTRANS 255 COMPUTE STATISTICS 
  STORAGE(INITIAL 65536 NEXT 1048576 MINEXTENTS 1 MAXEXTENTS 2147483645
  PCTINCREASE 0 FREELISTS 1 FREELIST GROUPS 1
  BUFFER_POOL DEFAULT FLASH_CACHE DEFAULT CELL_FLASH_CACHE DEFAULT)
  TABLESPACE "USERS"  ENABLE;
--------------------------------------------------------
--  Constraints for Table MOVIES_HAS_GENRES
--------------------------------------------------------

  ALTER TABLE "MOVIES_HAS_GENRES" MODIFY ("GENRESID" NOT NULL ENABLE);
  ALTER TABLE "MOVIES_HAS_GENRES" MODIFY ("MPVIESID" NOT NULL ENABLE);
--------------------------------------------------------
--  Constraints for Table STATE
--------------------------------------------------------

  ALTER TABLE "STATE" MODIFY ("IDSTATE" NOT NULL ENABLE);
  ALTER TABLE "STATE" ADD CONSTRAINT "STATE_PK" PRIMARY KEY ("IDSTATE")
  USING INDEX PCTFREE 10 INITRANS 2 MAXTRANS 255 COMPUTE STATISTICS 
  STORAGE(INITIAL 65536 NEXT 1048576 MINEXTENTS 1 MAXEXTENTS 2147483645
  PCTINCREASE 0 FREELISTS 1 FREELIST GROUPS 1
  BUFFER_POOL DEFAULT FLASH_CACHE DEFAULT CELL_FLASH_CACHE DEFAULT)
  TABLESPACE "USERS"  ENABLE;
--------------------------------------------------------
--  Ref Constraints for Table CITY
--------------------------------------------------------

  ALTER TABLE "CITY" ADD CONSTRAINT "CITY_FK" FOREIGN KEY ("IDSTATE")
	  REFERENCES "STATE" ("IDSTATE") ENABLE;
--------------------------------------------------------
--  Ref Constraints for Table CUSTOMER
--------------------------------------------------------

  ALTER TABLE "CUSTOMER" ADD CONSTRAINT "CUSTOMER_FK1" FOREIGN KEY ("CUSTOMERID")
	  REFERENCES "CITY" ("IDCITY") DISABLE;
--------------------------------------------------------
--  Ref Constraints for Table CUSTOMER_FAVORITE_MOVIES
--------------------------------------------------------

  ALTER TABLE "CUSTOMER_FAVORITE_MOVIES" ADD CONSTRAINT "COSTUMER_FAVORITE_MOVIES_FK2" FOREIGN KEY ("MOVIESID")
	  REFERENCES "MOVIES" ("MOVIESID") ENABLE;
  ALTER TABLE "CUSTOMER_FAVORITE_MOVIES" ADD CONSTRAINT "COSTUMER_FAVORITE_MOVIES_FK1" FOREIGN KEY ("CUSTOMERID")
	  REFERENCES "CUSTOMER" ("CUSTOMERID") ENABLE;
--------------------------------------------------------
--  Ref Constraints for Table CUSTOMER_PREORDER_MOVIES
--------------------------------------------------------

  ALTER TABLE "CUSTOMER_PREORDER_MOVIES" ADD CONSTRAINT "CUSTOMER_PREORDER_MOVIES_FK1" FOREIGN KEY ("MOVIESID")
	  REFERENCES "MOVIES" ("MOVIESID") ENABLE;
  ALTER TABLE "CUSTOMER_PREORDER_MOVIES" ADD CONSTRAINT "CUSTOMER_PREORDER_MOVIES_FK2" FOREIGN KEY ("CUSTOMERID")
	  REFERENCES "CUSTOMER" ("CUSTOMERID") ENABLE;
--------------------------------------------------------
--  Ref Constraints for Table HOMEPAGE
--------------------------------------------------------

  ALTER TABLE "HOMEPAGE" ADD CONSTRAINT "HOMEPAGE_FK1" FOREIGN KEY ("MOVIESID")
	  REFERENCES "MOVIES" ("MOVIESID") ENABLE;
--------------------------------------------------------
--  Ref Constraints for Table MEDIA
--------------------------------------------------------

  ALTER TABLE "MEDIA" ADD CONSTRAINT "MEDIA_FK1" FOREIGN KEY ("MOVIESID")
	  REFERENCES "MOVIES" ("MOVIESID") ENABLE;
  ALTER TABLE "MEDIA" ADD CONSTRAINT "MEDIA_FK2" FOREIGN KEY ("MEDIATIPID")
	  REFERENCES "MEDIATIP" ("MEDIATIPID") ENABLE;
--------------------------------------------------------
--  Ref Constraints for Table MOVIES_HAS_GENRES
--------------------------------------------------------

  ALTER TABLE "MOVIES_HAS_GENRES" ADD CONSTRAINT "MOVIES_HAS_GENRES_FK2" FOREIGN KEY ("MPVIESID")
	  REFERENCES "MOVIES" ("MOVIESID") ENABLE;
  ALTER TABLE "MOVIES_HAS_GENRES" ADD CONSTRAINT "MOVIES_HAS_GENRES_FK1" FOREIGN KEY ("GENRESID")
	  REFERENCES "GENRES" ("GENRESID") ENABLE;
--------------------------------------------------------
--  Ref Constraints for Table MOVIES_HAS_STUDIOS
--------------------------------------------------------

  ALTER TABLE "MOVIES_HAS_STUDIOS" ADD CONSTRAINT "FK_MOVIES_HAS_STUDIOS_STUDIOS1" FOREIGN KEY ("STUDIOS_ID")
	  REFERENCES "STUDIOS" ("ID") ENABLE;
--------------------------------------------------------
--  Ref Constraints for Table MOVIES_HAS_TAGS
--------------------------------------------------------

  ALTER TABLE "MOVIES_HAS_TAGS" ADD CONSTRAINT "MOVIES_HAS_TAGS_FK1" FOREIGN KEY ("MOVIES_ID")
	  REFERENCES "MOVIES" ("MOVIESID") ENABLE;
  ALTER TABLE "MOVIES_HAS_TAGS" ADD CONSTRAINT "FK_MOVIES_HAS_TAGS_TAGS1" FOREIGN KEY ("TAGS_ID")
	  REFERENCES "TAGS" ("ID") ENABLE;
--------------------------------------------------------
--  Ref Constraints for Table ORDERS
--------------------------------------------------------

  ALTER TABLE "ORDERS" ADD CONSTRAINT "ORDERS_FK1" FOREIGN KEY ("CUSTOMERID")
	  REFERENCES "CUSTOMER" ("CUSTOMERID") ENABLE;
--------------------------------------------------------
--  Ref Constraints for Table PERSON_ROLES_IN_MOVIES
--------------------------------------------------------

  ALTER TABLE "PERSON_ROLES_IN_MOVIES" ADD CONSTRAINT "PERSON_ROLES_IN_MOVIES_FK2" FOREIGN KEY ("PERSONID")
	  REFERENCES "PERSON" ("PERSONID") ENABLE;
  ALTER TABLE "PERSON_ROLES_IN_MOVIES" ADD CONSTRAINT "PERSON_ROLES_IN_MOVIES_FK3" FOREIGN KEY ("ROULESID")
	  REFERENCES "ROULES" ("ROULESID") ENABLE;
  ALTER TABLE "PERSON_ROLES_IN_MOVIES" ADD CONSTRAINT "PERSON_ROLES_IN_MOVIES_FK1" FOREIGN KEY ("MOVIEID")
	  REFERENCES "MOVIES" ("MOVIESID") ENABLE;
